sample,axis_3072,axis_1536,antipode_of_3072,same_plane,Sp_diff_axis_vs_antipode,S_min_3072,S_min_1536
PR3_Commander,1134,1134,1934,True,0.0,170.31724548339844,170.31724548339844
PR3_NILC,1134,1134,1934,True,0.0,170.9844970703125,170.9844970703125
PR3_SEVEM,1134,1134,1934,True,0.0,170.71502685546875,170.71502685546875
PR3_SMICA,1134,1134,1934,True,0.0,171.2122344970703,171.2122344970703
Nofi_70GHz,1134,1134,1934,True,0.0,174.82034301757812,174.82034301757812
Nofi_94GHz,1134,1134,1934,True,0.0,176.44775390625,176.44775390625
Nofi_100GHz,1134,1134,1934,True,0.0,175.17147827148438,175.17147827148438
Nofi_143GHz,1134,1134,1934,True,0.0,172.6165313720703,172.6165313720703
PR4_Sevem,1134,1134,1934,True,0.0,170.57318115234375,170.57318115234375
PR4_Commander,1134,1134,1934,True,0.0,170.23023986816406,170.23023986816406
fresh_0,776,776,2280,True,0.6441650390625,493.99371337890625,493.99371337890625
fresh_1,16,16,3058,True,0.0,459.4993896484375,459.4993896484375
fresh_2,64,64,3004,True,0.0,436.87701416015625,436.87701416015625
fresh_3,208,208,2860,True,0.0,286.4652404785156,286.4652404785156
fresh_4,10,10,3062,True,0.0,288.62432861328125,288.62432861328125
fresh_5,1461,1461,1621,True,0.0,443.4334716796875,443.4334716796875
fresh_6,1223,1223,1831,True,0.0,524.9989624023438,524.9989624023438
fresh_7,95,95,2985,True,0.0,327.167236328125,327.167236328125
fresh_8,53,53,3015,True,0.0,262.4623718261719,262.4623718261719
fresh_9,75,75,2991,True,0.0,286.6747741699219,286.6747741699219
fresh_10,1222,1222,1830,True,0.0,276.8869323730469,276.8869323730469
fresh_11,30,30,3046,True,0.0,448.01239013671875,448.01239013671875
fresh_12,1081,1081,2009,True,0.0,320.659423828125,320.659423828125
fresh_13,160,160,2926,True,0.0,288.149169921875,288.149169921875
fresh_14,56,56,3018,True,0.0,408.72613525390625,408.72613525390625
fresh_15,239,239,2849,True,0.0,299.2105407714844,299.2105407714844
fresh_16,141,141,2941,True,0.0,442.6031494140625,442.6031494140625
fresh_17,60,60,3000,True,0.0,217.19696044921875,217.19696044921875
fresh_18,62,62,3002,True,0.0,429.61212158203125,429.61212158203125
fresh_19,203,203,2855,True,0.0,315.2445373535156,315.2445373535156
fresh_20,93,93,2983,True,0.0,439.84149169921875,439.84149169921875
fresh_21,239,239,2849,True,0.0,456.1900329589844,456.1900329589844
fresh_22,1394,1394,1682,True,0.0,332.77581787109375,332.77581787109375
fresh_23,352,352,2722,True,0.0,347.2413024902344,347.2413024902344
fresh_24,76,76,2992,True,0.0,362.3273010253906,362.3273010253906
fresh_25,1062,1062,1990,True,0.0,365.7353820800781,365.7353820800781
fresh_26,25,25,3041,True,0.0,331.5367126464844,331.5367126464844
fresh_27,213,213,2865,True,0.0,532.30419921875,532.30419921875
fresh_28,6,6,3066,True,0.0,347.05450439453125,347.05450439453125
fresh_29,125,125,2957,True,0.0,276.1512451171875,276.1512451171875
fresh_30,842,842,2218,True,0.0,339.4544677734375,339.4544677734375
fresh_31,48,48,3030,True,0.0,337.76300048828125,337.76300048828125
fresh_32,241,241,2851,True,0.0,362.0919494628906,362.0919494628906
fresh_33,129,129,2929,True,0.0,384.00054931640625,384.00054931640625
fresh_34,1328,1328,1744,True,0.28546142578125,477.675048828125,477.675048828125
fresh_35,1106,1106,1970,True,0.0,276.6228332519531,276.6228332519531
fresh_36,82,82,2998,True,0.0,336.9977111816406,336.9977111816406
fresh_37,521,521,2537,True,0.0,251.57257080078125,251.57257080078125
fresh_38,697,697,2393,True,0.0,345.379150390625,345.379150390625
fresh_39,186,186,2878,True,0.0,288.9186096191406,288.9186096191406
fresh_40,61,61,3001,True,0.0,319.08795166015625,319.08795166015625
fresh_41,39,39,3039,True,0.0,350.8604736328125,350.8604736328125
fresh_42,17,17,3059,True,0.0,385.7750549316406,385.7750549316406
fresh_43,39,39,3039,True,0.0,208.71365356445312,208.71365356445312
fresh_44,943,943,2127,True,0.0,520.45556640625,520.45556640625
fresh_45,76,76,2992,True,0.0,346.7982482910156,346.7982482910156
fresh_46,396,396,2656,True,0.0,340.75115966796875,340.75115966796875
fresh_47,6,6,3066,True,0.0,383.24713134765625,383.24713134765625
fresh_48,16,16,3058,True,0.0,336.56671142578125,336.56671142578125
fresh_49,450,450,2592,True,0.0,265.978271484375,265.978271484375
fresh_50,21,21,3051,True,0.0,277.6703186035156,277.6703186035156
fresh_51,108,108,2970,True,0.0,369.334716796875,369.334716796875
fresh_52,126,126,2958,True,0.0,427.180908203125,427.180908203125
fresh_53,645,645,2405,True,0.0,308.2951965332031,308.2951965332031
fresh_54,747,747,2315,True,0.073455810546875,327.5293273925781,327.5293273925781
fresh_55,376,376,2692,True,0.0,264.0127258300781,264.0127258300781
fresh_56,205,205,2857,True,0.0,243.97601318359375,243.97601318359375
fresh_57,40,40,3022,True,0.0,354.54144287109375,354.54144287109375
fresh_58,160,160,2926,True,0.0,182.79293823242188,182.79293823242188
fresh_59,58,58,3020,True,0.0,359.0598449707031,359.0598449707031
fresh_60,98,98,2960,True,0.0,279.5803527832031,279.5803527832031
fresh_61,2052,996,996,True,0.13739013671875,314.71771240234375,314.8551025390625
fresh_62,1056,1056,1984,True,0.0218505859375,418.72259521484375,418.72259521484375
fresh_63,850,850,2226,True,0.0,343.1692810058594,343.1692810058594
fresh_64,14,14,3056,True,0.0,424.0039978027344,424.0039978027344
fresh_65,15,15,3057,True,0.0,390.2071533203125,390.2071533203125
fresh_66,1180,1180,1916,True,0.0,305.1062316894531,305.1062316894531
fresh_67,170,170,2900,True,0.0,366.2514953613281,366.2514953613281
fresh_68,58,58,3020,True,0.0,352.9097900390625,352.9097900390625
fresh_69,44,44,3026,True,0.0,343.8955078125,343.8955078125
fresh_70,25,25,3041,True,0.0,373.720703125,373.720703125
fresh_71,1474,1474,1570,True,0.0,462.0442810058594,462.0442810058594
fresh_72,615,615,2439,True,0.0,507.6534729003906,507.6534729003906
fresh_73,1240,1240,1848,True,0.0,479.3345947265625,479.3345947265625
fresh_74,786,786,2290,True,0.0,326.0260009765625,326.0260009765625
fresh_75,105,105,2967,True,0.0,326.009521484375,326.009521484375
fresh_76,424,424,2626,True,0.0,417.8194580078125,417.8194580078125
fresh_77,98,98,2960,True,0.0,554.57666015625,554.57666015625
fresh_78,128,128,2928,True,0.0,389.6091613769531,389.6091613769531
fresh_79,1047,1047,2039,True,0.0,287.9875183105469,287.9875183105469
fresh_80,2040,1048,1048,True,0.18017578125,285.90911865234375,286.08929443359375
fresh_81,37,37,3037,True,0.0,471.33734130859375,471.33734130859375
fresh_82,1326,1326,1742,True,0.0,451.5218505859375,451.5218505859375
fresh_83,215,215,2867,True,0.0,476.88690185546875,476.88690185546875
fresh_84,136,136,2936,True,0.0,371.0229187011719,371.0229187011719
fresh_85,892,892,2204,True,0.0,286.1968994140625,286.1968994140625
fresh_86,1060,1060,1988,True,0.0,442.3258972167969,442.3258972167969
fresh_87,83,83,2999,True,0.0,222.1065216064453,222.1065216064453
fresh_88,561,561,2513,True,0.0,260.6370849609375,260.6370849609375
fresh_89,1300,1300,1780,True,0.0,497.0872802734375,497.0872802734375
fresh_90,36,36,3036,True,0.0,492.26507568359375,492.26507568359375
fresh_91,405,405,2665,True,0.0,410.135498046875,410.135498046875
fresh_92,238,238,2848,True,0.0,447.3806457519531,447.3806457519531
fresh_93,12,12,3054,True,0.0,469.4664001464844,469.4664001464844
fresh_94,96,96,2986,True,0.0,380.3146667480469,380.3146667480469
fresh_95,30,30,3046,True,0.0,270.5040283203125,270.5040283203125
fresh_96,400,400,2660,True,0.0,219.45111083984375,219.45111083984375
fresh_97,200,200,2852,True,0.0,314.4494934082031,314.4494934082031
fresh_98,806,806,2246,True,0.0,337.4669189453125,337.4669189453125
fresh_99,1459,1459,1619,True,0.0,496.95318603515625,496.95318603515625
fresh_100,92,92,2982,True,0.0,321.999267578125,321.999267578125
fresh_101,17,17,3059,True,0.0,424.3245544433594,424.3245544433594
fresh_102,256,256,2822,True,0.0,380.1297912597656,380.1297912597656
fresh_103,73,73,2989,True,0.0,432.2886657714844,432.2886657714844
fresh_104,128,128,2928,True,0.0,327.6239318847656,327.6239318847656
fresh_105,1058,1058,1986,True,0.0,473.12567138671875,473.12567138671875
fresh_106,3,3,3069,True,0.0,229.3756561279297,229.3756561279297
fresh_107,28,28,3044,True,0.0,323.20068359375,323.20068359375
fresh_108,1165,1165,1901,True,0.0,367.695068359375,367.695068359375
fresh_109,215,215,2867,True,0.0,367.72100830078125,367.72100830078125
fresh_110,931,931,2115,True,0.0,340.5920104980469,340.5920104980469
fresh_111,1056,1056,1984,True,0.1241455078125,426.2749328613281,426.2749328613281
fresh_112,1201,1201,1873,True,0.0,419.2652282714844,419.2652282714844
fresh_113,48,48,3030,True,0.0,439.4275207519531,439.4275207519531
fresh_114,753,753,2321,True,0.0,367.9302062988281,367.9302062988281
fresh_115,194,194,2886,True,0.0,414.12261962890625,414.12261962890625
fresh_116,26,26,3042,True,0.0,393.501220703125,393.501220703125
fresh_117,1329,1329,1745,True,0.0,264.0084228515625,264.0084228515625
fresh_118,73,73,2989,True,0.0,367.34588623046875,367.34588623046875
fresh_119,82,82,2998,True,0.0,479.8451843261719,479.8451843261719
fresh_120,1100,1100,1964,True,0.0,294.27642822265625,294.27642822265625
fresh_121,108,108,2970,True,0.0,428.36224365234375,428.36224365234375
fresh_122,1000,1000,2056,True,0.033355712890625,263.65435791015625,263.65435791015625
fresh_123,251,251,2817,True,0.0,287.61541748046875,287.61541748046875
fresh_124,83,83,2999,True,0.0,285.5523986816406,285.5523986816406
fresh_125,1363,1363,1715,True,0.0,274.20611572265625,274.20611572265625
fresh_126,1146,1146,1946,True,0.0,240.04188537597656,240.04188537597656
fresh_127,42,42,3024,True,0.0,352.70404052734375,352.70404052734375
fresh_128,1239,1239,1847,True,0.0,368.0677185058594,368.0677185058594
fresh_129,127,127,2959,True,0.0,436.91815185546875,436.91815185546875
fresh_130,339,339,2709,True,0.0,319.3817443847656,319.3817443847656
fresh_131,1027,1027,2019,True,0.0,452.5850830078125,452.5850830078125
fresh_132,342,342,2712,True,0.0,374.1545104980469,374.1545104980469
fresh_133,1015,1015,2071,True,0.0,194.38368225097656,194.38368225097656
fresh_134,1277,1277,1821,True,0.0,449.41650390625,449.41650390625
fresh_135,40,40,3022,True,0.0,445.7789001464844,445.7789001464844
fresh_136,458,458,2600,True,0.0,369.8243103027344,369.8243103027344
fresh_137,99,99,2961,True,0.0,408.6763610839844,408.6763610839844
fresh_138,1229,1229,1837,True,0.0,313.34600830078125,313.34600830078125
fresh_139,5,5,3065,True,0.0,392.8140869140625,392.8140869140625
fresh_140,1230,1230,1838,True,0.0,322.22906494140625,322.22906494140625
fresh_141,239,239,2849,True,0.0,321.6980285644531,321.6980285644531
fresh_142,255,255,2821,True,0.0,450.0775146484375,450.0775146484375
fresh_143,141,141,2941,True,0.0,335.72930908203125,335.72930908203125
fresh_144,192,192,2884,True,0.0,576.9765625,576.9765625
fresh_145,1022,1022,2078,True,0.0,472.1190185546875,472.1190185546875
fresh_146,1074,1074,2002,True,0.0,520.7185668945312,520.7185668945312
fresh_147,1159,1159,1895,True,0.0,461.6605224609375,461.6605224609375
fresh_148,882,882,2194,True,0.0,291.58294677734375,291.58294677734375
fresh_149,1261,1261,1805,True,0.0,369.6516418457031,369.6516418457031
fresh_150,2325,757,757,True,0.640167236328125,419.52362060546875,420.1637878417969
fresh_151,936,936,2120,True,0.0,380.9185485839844,380.9185485839844
fresh_152,999,999,2055,True,0.1861572265625,372.0485534667969,372.0485534667969
fresh_153,659,659,2419,True,0.0,353.8104248046875,353.8104248046875
fresh_154,1302,1302,1782,True,0.0,330.532958984375,330.532958984375
fresh_155,901,901,2149,True,0.0,284.4038391113281,284.4038391113281
fresh_156,713,713,2345,True,0.0,277.1859436035156,277.1859436035156
fresh_157,757,757,2325,True,0.007598876953125,298.78009033203125,298.78009033203125
fresh_158,99,99,2961,True,0.0,397.57598876953125,397.57598876953125
fresh_159,73,73,2989,True,0.0,277.5246276855469,277.5246276855469
fresh_160,57,57,3019,True,0.0,300.4464416503906,300.4464416503906
fresh_161,929,929,2113,True,0.0,391.0034484863281,391.0034484863281
fresh_162,1461,1461,1621,True,0.0,502.5461730957031,502.5461730957031
fresh_163,403,403,2663,True,0.0,252.44540405273438,252.44540405273438
fresh_164,684,684,2380,True,0.0,405.442138671875,405.442138671875
fresh_165,5,5,3065,True,0.0,354.45733642578125,354.45733642578125
fresh_166,1076,1076,2004,True,0.0,452.1646423339844,452.1646423339844
fresh_167,353,353,2723,True,0.0,410.9229431152344,410.9229431152344
fresh_168,1292,1292,1772,True,0.0,278.0016174316406,278.0016174316406
fresh_169,1285,1285,1765,True,0.0,334.72772216796875,334.72772216796875
fresh_170,54,54,3016,True,0.0,381.1376647949219,381.1376647949219
fresh_171,126,126,2958,True,0.0,517.3368530273438,517.3368530273438
fresh_172,58,58,3020,True,0.0,338.4225158691406,338.4225158691406
fresh_173,398,398,2658,True,0.0,266.0510559082031,266.0510559082031
fresh_174,1389,1389,1677,True,0.0,357.6561279296875,357.6561279296875
fresh_175,130,130,2930,True,0.0,341.08819580078125,341.08819580078125
fresh_176,22,22,3052,True,0.0,319.7762145996094,319.7762145996094
fresh_177,1443,1443,1603,True,0.0,425.6988830566406,425.6988830566406
fresh_178,7,7,3067,True,0.0,325.6739807128906,325.6739807128906
fresh_179,107,107,2969,True,0.0,387.3726806640625,387.3726806640625
fresh_180,1283,1283,1763,True,0.0,248.0429229736328,248.0429229736328
fresh_181,205,205,2857,True,0.0,432.8498840332031,432.8498840332031
fresh_182,400,400,2660,True,0.0,238.8804168701172,238.8804168701172
fresh_183,325,325,2747,True,0.0,283.3785705566406,283.3785705566406
fresh_184,407,407,2667,True,0.0,442.9883117675781,442.9883117675781
fresh_185,1233,1233,1841,True,0.0,436.26458740234375,436.26458740234375
fresh_186,94,94,2984,True,0.0,327.03607177734375,327.03607177734375
fresh_187,77,77,2993,True,0.0,516.96044921875,516.96044921875
fresh_188,348,348,2718,True,0.0,328.83441162109375,328.83441162109375
fresh_189,404,404,2664,True,0.0,335.85369873046875,335.85369873046875
fresh_190,871,871,2183,True,0.0,211.89718627929688,211.89718627929688
fresh_191,101,101,2963,True,0.0,356.9026184082031,356.9026184082031
fresh_192,603,603,2491,True,0.0,309.69049072265625,309.69049072265625
fresh_193,592,592,2480,True,0.666778564453125,330.732177734375,330.732177734375
fresh_194,69,69,3009,True,0.0,436.0576477050781,436.0576477050781
fresh_195,90,90,2980,True,0.0,415.95416259765625,415.95416259765625
fresh_196,821,821,2261,True,0.0,336.5885314941406,336.5885314941406
fresh_197,564,564,2516,True,0.0,356.2317810058594,356.2317810058594
fresh_198,44,44,3026,True,0.0,525.1356811523438,525.1356811523438
fresh_199,200,200,2852,True,0.0,390.3572998046875,390.3572998046875
fresh_200,270,270,2790,True,0.0,427.615966796875,427.615966796875
fresh_201,47,47,3029,True,0.0,312.5715637207031,312.5715637207031
fresh_202,663,663,2423,True,0.0,493.10906982421875,493.10906982421875
fresh_203,71,71,3011,True,0.0,399.531982421875,399.531982421875
fresh_204,74,74,2990,True,0.0,296.5911865234375,296.5911865234375
fresh_205,100,100,2962,True,0.0,343.9705505371094,343.9705505371094
fresh_206,394,394,2654,True,0.0,369.2687072753906,369.2687072753906
fresh_207,1453,1453,1613,True,0.0,434.8788146972656,434.8788146972656
fresh_208,73,73,2989,True,0.0,512.840576171875,512.840576171875
fresh_209,80,80,2996,True,0.0,269.327392578125,269.327392578125
fresh_210,1428,1428,1652,True,0.0,370.1781005859375,370.1781005859375
fresh_211,461,461,2603,True,0.0,309.92535400390625,309.92535400390625
fresh_212,560,560,2512,True,0.379241943359375,442.92559814453125,442.92559814453125
fresh_213,585,585,2473,True,0.0,321.705322265625,321.705322265625
fresh_214,128,128,2928,True,0.0,333.40753173828125,333.40753173828125
fresh_215,433,433,2635,True,0.0,350.96826171875,350.96826171875
fresh_216,10,10,3062,True,0.0,339.715087890625,339.715087890625
fresh_217,67,67,3007,True,0.0,254.28782653808594,254.28782653808594
fresh_218,1401,1401,1689,True,0.0,445.818359375,445.818359375
fresh_219,141,141,2941,True,0.0,395.25048828125,395.25048828125
fresh_220,128,128,2928,True,0.0,350.0792541503906,350.0792541503906
fresh_221,881,881,2193,True,0.0,323.5281982421875,323.5281982421875
fresh_222,1140,1140,1940,True,0.0,369.8147277832031,369.8147277832031
fresh_223,15,15,3057,True,0.0,302.71954345703125,302.71954345703125
fresh_224,298,298,2770,True,0.0,590.3187255859375,590.3187255859375
fresh_225,12,12,3054,True,0.0,342.747314453125,342.747314453125
fresh_226,585,585,2473,True,0.0,334.14105224609375,334.14105224609375
fresh_227,870,870,2182,True,0.0,464.2337646484375,464.2337646484375
fresh_228,1231,1231,1839,True,0.0,418.0431213378906,418.0431213378906
fresh_229,554,554,2506,True,0.0,290.3388366699219,290.3388366699219
fresh_230,52,52,3014,True,0.0,248.55679321289062,248.55679321289062
fresh_231,77,77,2993,True,0.0,280.25042724609375,280.25042724609375
fresh_232,489,489,2569,True,0.0,383.13134765625,383.13134765625
fresh_233,50,50,3012,True,0.0,366.1809997558594,366.1809997558594
fresh_234,739,739,2307,True,0.324127197265625,426.4635925292969,426.4635925292969
fresh_235,78,78,2994,True,0.0,325.0361328125,325.0361328125
fresh_236,74,74,2990,True,0.0,434.4117736816406,434.4117736816406
fresh_237,196,196,2888,True,0.0,384.6753234863281,384.6753234863281
fresh_238,1269,1269,1813,True,0.0,420.35870361328125,420.35870361328125
fresh_239,1389,1389,1677,True,0.0,338.9471740722656,338.9471740722656
fresh_240,229,229,2839,True,0.0,328.59661865234375,328.59661865234375
fresh_241,1357,1357,1709,True,0.0,450.62432861328125,450.62432861328125
fresh_242,808,808,2248,True,0.0,276.63177490234375,276.63177490234375
fresh_243,945,945,2129,True,0.0,352.6635437011719,352.6635437011719
fresh_244,22,22,3052,True,0.0,336.8168640136719,336.8168640136719
fresh_245,452,452,2594,True,0.0,350.0668029785156,350.0668029785156
fresh_246,209,209,2861,True,0.0,423.3072509765625,423.3072509765625
fresh_247,27,27,3043,True,0.0,357.6999816894531,357.6999816894531
fresh_248,719,719,2351,True,0.0,368.8916015625,368.8916015625
fresh_249,25,25,3041,True,0.0,403.2115783691406,403.2115783691406
fresh_250,1127,1127,1927,True,0.0,371.7154235839844,371.7154235839844
fresh_251,241,241,2851,True,0.0,328.05902099609375,328.05902099609375
fresh_252,1104,1104,1968,True,0.251251220703125,334.044921875,334.044921875
fresh_253,743,743,2311,True,0.1806640625,398.5942077636719,398.5942077636719
fresh_254,98,98,2960,True,0.0,459.4654846191406,459.4654846191406
fresh_255,14,14,3056,True,0.0,239.58387756347656,239.58387756347656
fresh_256,811,811,2251,True,0.0,366.6031494140625,366.6031494140625
fresh_257,98,98,2960,True,0.0,376.7471923828125,376.7471923828125
fresh_258,27,27,3043,True,0.0,571.4461059570312,571.4461059570312
fresh_259,316,316,2738,True,0.0,415.5013122558594,415.5013122558594
fresh_260,1389,1389,1677,True,0.0,462.4452819824219,462.4452819824219
fresh_261,975,975,2095,True,0.0,384.7118835449219,384.7118835449219
fresh_262,133,133,2933,True,0.0,340.2862548828125,340.2862548828125
fresh_263,570,570,2522,True,0.0,624.6704711914062,624.6704711914062
fresh_264,1242,1242,1850,True,0.0,330.2953796386719,330.2953796386719
fresh_265,140,140,2940,True,0.0,495.0504150390625,495.0504150390625
fresh_266,1264,1264,1808,True,0.0,458.57293701171875,458.57293701171875
fresh_267,680,680,2376,True,0.0,424.644775390625,424.644775390625
fresh_268,54,54,3016,True,0.0,597.7214965820312,597.7214965820312
fresh_269,1217,1217,1825,True,0.0,366.75244140625,366.75244140625
fresh_270,883,883,2195,True,0.0,447.3516540527344,447.3516540527344
fresh_271,336,336,2758,True,0.0,300.5725402832031,300.5725402832031
fresh_272,1298,1298,1778,True,0.0,353.2003173828125,353.2003173828125
fresh_273,1128,1128,1928,True,0.0,290.1372985839844,290.1372985839844
fresh_274,1291,1291,1771,True,0.0,267.5646667480469,267.5646667480469
fresh_275,32,32,3032,True,0.0,323.1643981933594,323.1643981933594
fresh_276,241,241,2851,True,0.0,426.3868103027344,426.3868103027344
fresh_277,111,111,2973,True,0.0,413.6266174316406,413.6266174316406
fresh_278,1487,1487,1583,True,0.0,320.39208984375,320.39208984375
fresh_279,1444,1444,1604,True,0.0,389.6971740722656,389.6971740722656
fresh_280,751,751,2319,True,0.0,380.7236022949219,380.7236022949219
fresh_281,324,324,2746,True,0.0,484.1960754394531,484.1960754394531
fresh_282,73,73,2989,True,0.0,344.784423828125,344.784423828125
fresh_283,97,97,2987,True,0.0,384.05426025390625,384.05426025390625
fresh_284,676,676,2372,True,0.0,328.4568786621094,328.4568786621094
fresh_285,111,111,2973,True,0.0,269.4534606933594,269.4534606933594
fresh_286,1036,1036,2028,True,0.0,313.6879577636719,313.6879577636719
fresh_287,109,109,2971,True,0.0,396.5701904296875,396.5701904296875
fresh_288,0,0,3070,True,0.0,390.369140625,390.369140625
fresh_289,1078,1078,2006,True,0.0,486.7021484375,486.7021484375
fresh_290,19,19,3049,True,0.0,370.185302734375,370.185302734375
fresh_291,586,586,2474,True,0.0,366.25799560546875,366.25799560546875
fresh_292,1188,1188,1860,True,0.0,274.7012023925781,274.7012023925781
fresh_293,131,131,2931,True,0.0,479.5306396484375,479.5306396484375
fresh_294,270,270,2790,True,0.0,342.8440856933594,342.8440856933594
fresh_295,33,33,3033,True,0.0,306.4502258300781,306.4502258300781
fresh_296,1208,1208,1880,True,0.0,255.01170349121094,255.01170349121094
fresh_297,955,955,2139,True,0.0,481.449951171875,481.449951171875
fresh_298,460,460,2602,True,0.0,235.78184509277344,235.78184509277344
fresh_299,173,173,2903,True,0.0,400.23382568359375,400.23382568359375
fresh_300,773,773,2277,True,0.0,332.9443664550781,332.9443664550781
fresh_301,125,125,2957,True,0.0,206.06788635253906,206.06788635253906
fresh_302,149,149,2915,True,0.0,313.081298828125,313.081298828125
fresh_303,1359,1359,1711,True,0.0,332.7892150878906,332.7892150878906
fresh_304,207,207,2859,True,0.0,383.6214294433594,383.6214294433594
fresh_305,138,138,2938,True,0.0,394.0171813964844,394.0171813964844
fresh_306,1322,1322,1738,True,0.0,395.0090637207031,395.0090637207031
fresh_307,984,984,2104,True,0.0,421.31927490234375,421.31927490234375
fresh_308,16,16,3058,True,0.0,299.3702087402344,299.3702087402344
fresh_309,107,107,2969,True,0.0,288.82159423828125,288.82159423828125
fresh_310,1165,1165,1901,True,0.0,387.29290771484375,387.29290771484375
fresh_311,1305,1305,1785,True,0.0,325.1786193847656,325.1786193847656
fresh_312,199,199,2891,True,0.0,413.913330078125,413.913330078125
fresh_313,746,746,2314,True,0.0,350.66851806640625,350.66851806640625
fresh_314,853,853,2229,True,0.0,394.0379943847656,394.0379943847656
fresh_315,30,30,3046,True,0.0,288.3973083496094,288.3973083496094
fresh_316,489,489,2569,True,0.0,372.2107849121094,372.2107849121094
fresh_317,164,164,2894,True,0.0,338.64886474609375,338.64886474609375
fresh_318,847,847,2223,True,0.0,413.61688232421875,413.61688232421875
fresh_319,129,129,2929,True,0.0,389.99835205078125,389.99835205078125
fresh_320,1391,1391,1679,True,0.0,416.3312683105469,416.3312683105469
fresh_321,1509,1509,1541,True,0.2413330078125,417.2104797363281,417.2104797363281
fresh_322,167,167,2897,True,0.0,504.49957275390625,504.49957275390625
fresh_323,688,688,2384,True,1.224395751953125,414.19921875,414.19921875
fresh_324,335,335,2757,True,0.0,400.3316345214844,400.3316345214844
fresh_325,268,268,2788,True,0.0,358.26025390625,358.26025390625
fresh_326,2072,1016,1016,True,0.1204833984375,420.93731689453125,421.05780029296875
fresh_327,52,52,3014,True,0.0,314.2677917480469,314.2677917480469
fresh_328,307,307,2779,True,0.0,325.88189697265625,325.88189697265625
fresh_329,72,72,2988,True,0.0,462.292724609375,462.292724609375
fresh_330,57,57,3019,True,0.0,345.7549743652344,345.7549743652344
fresh_331,1119,1119,1983,True,0.0,352.23980712890625,352.23980712890625
fresh_332,2,2,3068,True,0.0,308.877197265625,308.877197265625
fresh_333,588,588,2476,True,0.0,239.85968017578125,239.85968017578125
fresh_334,1470,1470,1630,True,0.0,437.52362060546875,437.52362060546875
fresh_335,132,132,2932,True,0.0,396.0797424316406,396.0797424316406
fresh_336,5,5,3065,True,0.0,491.21771240234375,491.21771240234375
fresh_337,414,414,2674,True,0.0,273.11285400390625,273.11285400390625
fresh_338,541,541,2557,True,0.0,386.70806884765625,386.70806884765625
fresh_339,126,126,2958,True,0.0,434.20477294921875,434.20477294921875
fresh_340,73,73,2989,True,0.0,240.5478973388672,240.5478973388672
fresh_341,1242,1242,1850,True,0.0,481.478515625,481.478515625
fresh_342,8,8,3060,True,0.0,353.4049072265625,353.4049072265625
fresh_343,406,406,2666,True,0.0,466.479248046875,466.479248046875
fresh_344,128,128,2928,True,0.0,314.4609680175781,314.4609680175781
fresh_345,72,72,2988,True,0.0,346.1545715332031,346.1545715332031
fresh_346,518,518,2534,True,0.0,373.39111328125,373.39111328125
fresh_347,41,41,3023,True,0.0,289.6671447753906,289.6671447753906
fresh_348,20,20,3050,True,0.0,283.52850341796875,283.52850341796875
fresh_349,240,240,2850,True,0.0,303.04718017578125,303.04718017578125
fresh_350,843,843,2219,True,0.0,696.8001098632812,696.8001098632812
fresh_351,39,39,3039,True,0.0,268.7772521972656,268.7772521972656
fresh_352,399,399,2659,True,0.0,370.1911315917969,370.1911315917969
fresh_353,40,40,3022,True,0.0,463.3196105957031,463.3196105957031
fresh_354,838,838,2214,True,0.0,286.9267272949219,286.9267272949219
fresh_355,811,811,2251,True,0.0,416.6800537109375,416.6800537109375
fresh_356,123,123,2955,True,0.0,386.4757385253906,386.4757385253906
fresh_357,916,916,2164,True,0.0,262.78851318359375,262.78851318359375
fresh_358,1357,1357,1709,True,0.0,393.7019348144531,393.7019348144531
fresh_359,392,392,2652,True,0.0,440.6325378417969,440.6325378417969
fresh_360,1109,1109,1973,True,0.0,414.142822265625,414.142822265625
fresh_361,127,127,2959,True,0.0,261.4146423339844,261.4146423339844
fresh_362,140,140,2940,True,0.0,411.6757507324219,411.6757507324219
fresh_363,479,479,2621,True,0.0,332.4918518066406,332.4918518066406
fresh_364,64,64,3004,True,0.0,425.9600830078125,425.9600830078125
fresh_365,1215,1215,1887,True,0.0,338.63385009765625,338.63385009765625
fresh_366,778,778,2282,True,0.14404296875,338.67559814453125,338.67559814453125
fresh_367,264,264,2784,True,0.0,285.40576171875,285.40576171875
fresh_368,1019,1019,2075,True,0.0,298.63848876953125,298.63848876953125
fresh_369,23,23,3053,True,0.0,278.2830810546875,278.2830810546875
fresh_370,161,161,2927,True,0.0,374.4670104980469,374.4670104980469
fresh_371,1380,1380,1668,True,0.0,428.99072265625,428.99072265625
fresh_372,11,11,3063,True,0.0,379.5118408203125,379.5118408203125
fresh_373,1131,1131,1931,True,0.0,368.356689453125,368.356689453125
fresh_374,125,125,2957,True,0.0,338.9609680175781,338.9609680175781
fresh_375,298,298,2770,True,0.0,356.64752197265625,356.64752197265625
fresh_376,710,710,2342,True,0.0,485.7392578125,485.7392578125
fresh_377,783,783,2287,True,0.0,305.4058837890625,305.4058837890625
fresh_378,1206,1206,1878,True,0.0,357.6466369628906,357.6466369628906
fresh_379,99,99,2961,True,0.0,288.84124755859375,288.84124755859375
fresh_380,817,817,2257,True,0.0,336.02191162109375,336.02191162109375
fresh_381,63,63,3003,True,0.0,318.10491943359375,318.10491943359375
fresh_382,1283,1283,1763,True,0.0,314.9786682128906,314.9786682128906
fresh_383,132,132,2932,True,0.0,355.8397521972656,355.8397521972656
fresh_384,336,336,2758,True,0.0,310.5345458984375,310.5345458984375
fresh_385,21,21,3051,True,0.0,380.2756652832031,380.2756652832031
fresh_386,501,501,2581,True,0.0,347.8528137207031,347.8528137207031
fresh_387,1507,1507,1539,True,1.170928955078125,334.7188720703125,334.7188720703125
fresh_388,34,34,3034,True,0.0,304.0451965332031,304.0451965332031
fresh_389,97,97,2987,True,0.0,326.4588928222656,326.4588928222656
fresh_390,149,149,2915,True,0.0,322.87420654296875,322.87420654296875
fresh_391,945,945,2129,True,0.0,446.83184814453125,446.83184814453125
fresh_392,55,55,3017,True,0.0,274.6214904785156,274.6214904785156
fresh_393,172,172,2902,True,0.0,513.0679321289062,513.0679321289062
fresh_394,1289,1289,1769,True,0.0,441.3590393066406,441.3590393066406
fresh_395,1500,1500,1596,True,0.0,461.7507019042969,461.7507019042969
fresh_396,14,14,3056,True,0.0,313.81396484375,313.81396484375
fresh_397,173,173,2903,True,0.0,516.6442260742188,516.6442260742188
fresh_398,1292,1292,1772,True,0.0,284.30145263671875,284.30145263671875
fresh_399,269,269,2789,True,0.0,304.93487548828125,304.93487548828125
fresh_400,1390,1390,1678,True,0.0,392.43524169921875,392.43524169921875
fresh_401,1478,1478,1574,True,0.0,318.999755859375,318.999755859375
fresh_402,252,252,2818,True,0.0,256.31878662109375,256.31878662109375
fresh_403,72,72,2988,True,0.0,231.6626739501953,231.6626739501953
fresh_404,122,122,2954,True,0.0,315.23638916015625,315.23638916015625
fresh_405,135,135,2935,True,0.0,392.1249084472656,392.1249084472656
fresh_406,1222,1222,1830,True,0.0,260.47296142578125,260.47296142578125
fresh_407,99,99,2961,True,0.0,397.17498779296875,397.17498779296875
fresh_408,11,11,3063,True,0.0,395.8908386230469,395.8908386230469
fresh_409,1277,1277,1821,True,0.0,429.0290832519531,429.0290832519531
fresh_410,163,163,2893,True,0.0,269.0958557128906,269.0958557128906
fresh_411,130,130,2930,True,0.0,544.6124267578125,544.6124267578125
fresh_412,1113,1113,1977,True,0.0,398.7412414550781,398.7412414550781
fresh_413,1387,1387,1675,True,0.0,449.48773193359375,449.48773193359375
fresh_414,1333,1333,1749,True,0.0,305.6610107421875,305.6610107421875
fresh_415,12,12,3054,True,0.0,370.1882629394531,370.1882629394531
fresh_416,1497,1497,1593,True,0.0,346.62664794921875,346.62664794921875
fresh_417,388,388,2704,True,0.0,397.5619812011719,397.5619812011719
fresh_418,46,46,3028,True,0.0,278.2164611816406,278.2164611816406
fresh_419,1251,1251,1795,True,0.0,430.543701171875,430.543701171875
fresh_420,741,741,2309,True,0.0,462.97552490234375,462.97552490234375
fresh_421,957,957,2141,True,0.0,305.4203796386719,305.4203796386719
fresh_422,83,83,2999,True,0.0,649.4331665039062,649.4331665039062
fresh_423,295,295,2767,True,0.0,318.4547119140625,318.4547119140625
fresh_424,1104,1104,1968,True,0.062957763671875,303.4635925292969,303.4635925292969
fresh_425,430,430,2632,True,0.0,321.4630432128906,321.4630432128906
fresh_426,188,188,2880,True,0.0,521.8759765625,521.8759765625
fresh_427,128,128,2928,True,0.0,297.39404296875,297.39404296875
fresh_428,72,72,2988,True,0.0,417.6088562011719,417.6088562011719
fresh_429,1273,1273,1817,True,0.0,505.54412841796875,505.54412841796875
fresh_430,377,377,2693,True,0.0,353.86822509765625,353.86822509765625
fresh_431,1220,1220,1828,True,0.0,434.0090637207031,434.0090637207031
fresh_432,934,934,2118,True,0.0,346.4056091308594,346.4056091308594
fresh_433,167,167,2897,True,0.0,450.83990478515625,450.83990478515625
fresh_434,322,322,2744,True,0.0,545.8968505859375,545.8968505859375
fresh_435,61,61,3001,True,0.0,445.4476013183594,445.4476013183594
fresh_436,801,801,2241,True,0.0,278.86114501953125,278.86114501953125
fresh_437,102,102,2964,True,0.0,322.8888854980469,322.8888854980469
fresh_438,2307,739,739,True,0.80255126953125,541.343505859375,542.1460571289062
fresh_439,1102,1102,1966,True,0.0,351.1247863769531,351.1247863769531
fresh_440,199,199,2891,True,0.0,388.4110412597656,388.4110412597656
fresh_441,156,156,2922,True,0.0,377.0028381347656,377.0028381347656
fresh_442,1357,1357,1709,True,0.0,352.4164733886719,352.4164733886719
fresh_443,1166,1166,1902,True,0.0,271.5722961425781,271.5722961425781
fresh_444,956,956,2140,True,0.0,598.1575317382812,598.1575317382812
fresh_445,508,508,2588,True,0.0,360.2574462890625,360.2574462890625
fresh_446,55,55,3017,True,0.0,302.20684814453125,302.20684814453125
fresh_447,80,80,2996,True,0.0,432.6929016113281,432.6929016113281
fresh_448,73,73,2989,True,0.0,281.276123046875,281.276123046875
fresh_449,854,854,2230,True,0.0,644.6629638671875,644.6629638671875
fresh_450,53,53,3015,True,0.0,270.8197937011719,270.8197937011719
fresh_451,1358,1358,1710,True,0.0,423.71978759765625,423.71978759765625
fresh_452,1218,1218,1826,True,0.0,362.5647888183594,362.5647888183594
fresh_453,19,19,3049,True,0.0,269.397216796875,269.397216796875
fresh_454,201,201,2853,True,0.0,349.71337890625,349.71337890625
fresh_455,1129,1129,1929,True,0.0,529.448974609375,529.448974609375
fresh_456,73,73,2989,True,0.0,494.57196044921875,494.57196044921875
fresh_457,102,102,2964,True,0.0,309.1625671386719,309.1625671386719
fresh_458,158,158,2924,True,0.0,444.4696350097656,444.4696350097656
fresh_459,15,15,3057,True,0.0,427.483642578125,427.483642578125
fresh_460,586,586,2474,True,0.0,331.1948547363281,331.1948547363281
fresh_461,468,468,2610,True,0.0,364.2904357910156,364.2904357910156
fresh_462,625,625,2449,True,0.0,366.3612365722656,366.3612365722656
fresh_463,11,11,3063,True,0.0,407.98870849609375,407.98870849609375
fresh_464,807,807,2247,True,0.0,316.670166015625,316.670166015625
fresh_465,504,504,2584,True,0.0,323.9098205566406,323.9098205566406
fresh_466,610,610,2434,True,0.0,421.58526611328125,421.58526611328125
fresh_467,52,52,3014,True,0.0,376.4398498535156,376.4398498535156
fresh_468,1252,1252,1796,True,0.0,382.03985595703125,382.03985595703125
fresh_469,388,388,2704,True,0.0,268.2030029296875,268.2030029296875
fresh_470,559,559,2511,True,0.0,410.7654113769531,410.7654113769531
fresh_471,76,76,2992,True,0.0,419.29339599609375,419.29339599609375
fresh_472,677,677,2373,True,0.0,350.008544921875,350.008544921875
fresh_473,1164,1164,1900,True,0.0,367.3758239746094,367.3758239746094
fresh_474,126,126,2958,True,0.0,328.114990234375,328.114990234375
fresh_475,15,15,3057,True,0.0,445.6300354003906,445.6300354003906
fresh_476,402,402,2662,True,0.0,429.5956115722656,429.5956115722656
fresh_477,9,9,3061,True,0.0,559.1199951171875,559.1199951171875
fresh_478,1222,1222,1830,True,0.0,381.5418701171875,381.5418701171875
fresh_479,719,719,2351,True,0.0,342.5350341796875,342.5350341796875
fresh_480,10,10,3062,True,0.0,354.5093994140625,354.5093994140625
fresh_481,1180,1180,1916,True,0.0,347.8786315917969,347.8786315917969
fresh_482,1295,1295,1775,True,0.0,333.34814453125,333.34814453125
fresh_483,1138,1138,1938,True,0.0,471.9126892089844,471.9126892089844
fresh_484,1346,1346,1698,True,0.0,312.43572998046875,312.43572998046875
fresh_485,850,850,2226,True,0.0,332.2115783691406,332.2115783691406
fresh_486,564,564,2516,True,0.0,271.3917236328125,271.3917236328125
fresh_487,49,49,3031,True,0.0,287.404541015625,287.404541015625
fresh_488,852,852,2228,True,0.0,305.5610046386719,305.5610046386719
fresh_489,1370,1370,1722,True,0.0,400.56610107421875,400.56610107421875
fresh_490,803,803,2243,True,0.0,355.899658203125,355.899658203125
fresh_491,26,26,3042,True,0.0,382.95257568359375,382.95257568359375
fresh_492,357,357,2727,True,0.0,319.5348205566406,319.5348205566406
fresh_493,689,689,2385,True,0.0,495.7070617675781,495.7070617675781
fresh_494,70,70,3010,True,0.0,413.56695556640625,413.56695556640625
fresh_495,56,56,3018,True,0.0,432.180419921875,432.180419921875
fresh_496,1129,1129,1929,True,0.0,482.7500915527344,482.7500915527344
fresh_497,349,349,2719,True,0.0,314.05462646484375,314.05462646484375
fresh_498,106,106,2968,True,0.0,431.9956970214844,431.9956970214844
fresh_499,1176,1176,1912,True,0.0,309.93231201171875,309.93231201171875
fresh_500,1362,1362,1714,True,0.0,483.2833557128906,483.2833557128906
fresh_501,13,13,3055,True,0.0,481.3145751953125,481.3145751953125
fresh_502,602,602,2490,True,0.0,327.9137878417969,327.9137878417969
fresh_503,70,70,3010,True,0.0,295.2401428222656,295.2401428222656
fresh_504,940,940,2124,True,0.0,301.83099365234375,301.83099365234375
fresh_505,848,848,2224,True,0.0828857421875,400.971435546875,400.971435546875
fresh_506,190,190,2882,True,0.0,340.4468078613281,340.4468078613281
fresh_507,976,976,2096,True,1.082611083984375,418.3612976074219,418.3612976074219
fresh_508,10,10,3062,True,0.0,335.8363952636719,335.8363952636719
fresh_509,82,82,2998,True,0.0,332.36309814453125,332.36309814453125
fresh_510,63,63,3003,True,0.0,400.5028991699219,400.5028991699219
fresh_511,204,204,2856,True,0.0,391.23773193359375,391.23773193359375
fresh_512,459,459,2601,True,0.0,279.8045959472656,279.8045959472656
fresh_513,65,65,3005,True,0.0,317.11944580078125,317.11944580078125
fresh_514,867,867,2179,True,0.0,345.13226318359375,345.13226318359375
fresh_515,1151,1151,1951,True,0.0,292.9110412597656,292.9110412597656
fresh_516,437,437,2639,True,0.0,310.4380798339844,310.4380798339844
fresh_517,40,40,3022,True,0.0,224.42953491210938,224.42953491210938
fresh_518,163,163,2893,True,0.0,316.4978942871094,316.4978942871094
fresh_519,294,294,2766,True,0.0,224.90260314941406,224.90260314941406
fresh_520,1292,1292,1772,True,0.0,337.981201171875,337.981201171875
fresh_521,1149,1149,1949,True,0.0,559.098876953125,559.098876953125
fresh_522,785,785,2289,True,0.0,455.76019287109375,455.76019287109375
fresh_523,72,72,2988,True,0.0,214.2799072265625,214.2799072265625
fresh_524,145,145,2911,True,0.0,397.62957763671875,397.62957763671875
fresh_525,1324,1324,1740,True,0.0,334.3357238769531,334.3357238769531
fresh_526,116,116,2948,True,0.0,326.5586242675781,326.5586242675781
fresh_527,2128,944,944,True,0.0047607421875,344.9053039550781,344.9100646972656
fresh_528,72,72,2988,True,0.0,385.4924621582031,385.4924621582031
fresh_529,149,149,2915,True,0.0,439.9864196777344,439.9864196777344
fresh_530,561,561,2513,True,0.0,333.640625,333.640625
fresh_531,482,482,2562,True,0.0,416.06134033203125,416.06134033203125
fresh_532,987,987,2107,True,0.0,307.76715087890625,307.76715087890625
fresh_533,1285,1285,1765,True,0.0,368.6412658691406,368.6412658691406
fresh_534,623,623,2447,True,0.0,449.5545959472656,449.5545959472656
fresh_535,399,399,2659,True,0.0,304.38629150390625,304.38629150390625
fresh_536,128,128,2928,True,0.0,382.83709716796875,382.83709716796875
fresh_537,1258,1258,1802,True,0.0,302.9803161621094,302.9803161621094
fresh_538,279,279,2799,True,0.0,311.5283508300781,311.5283508300781
fresh_539,24,24,3040,True,0.0,410.338623046875,410.338623046875
fresh_540,26,26,3042,True,0.0,377.1714782714844,377.1714782714844
fresh_541,1419,1419,1643,True,0.0,386.34136962890625,386.34136962890625
fresh_542,75,75,2991,True,0.0,198.1795654296875,198.1795654296875
fresh_543,1535,1535,1567,True,0.567962646484375,357.8949279785156,357.8949279785156
fresh_544,853,853,2229,True,0.0,419.1341857910156,419.1341857910156
fresh_545,1486,1486,1582,True,0.0,277.86407470703125,277.86407470703125
fresh_546,923,923,2171,True,0.0,394.3758850097656,394.3758850097656
fresh_547,15,15,3057,True,0.0,226.0185089111328,226.0185089111328
fresh_548,57,57,3019,True,0.0,338.7755126953125,338.7755126953125
fresh_549,823,823,2263,True,0.0,338.51263427734375,338.51263427734375
fresh_550,6,6,3066,True,0.0,247.3707733154297,247.3707733154297
fresh_551,669,669,2429,True,0.0,490.3910827636719,490.3910827636719
fresh_552,547,547,2499,True,0.0,481.01361083984375,481.01361083984375
fresh_553,406,406,2666,True,0.0,362.051025390625,362.051025390625
fresh_554,175,175,2905,True,0.0,390.3665771484375,390.3665771484375
fresh_555,864,864,2176,True,0.0,393.4247741699219,393.4247741699219
fresh_556,198,198,2890,True,0.0,338.7373352050781,338.7373352050781
fresh_557,98,98,2960,True,0.0,323.3680419921875,323.3680419921875
fresh_558,209,209,2861,True,0.0,293.6855773925781,293.6855773925781
fresh_559,585,585,2473,True,0.0,300.5953674316406,300.5953674316406
fresh_560,1042,1042,2034,True,0.0,523.4564208984375,523.4564208984375
fresh_561,111,111,2973,True,0.0,429.3979187011719,429.3979187011719
fresh_562,38,38,3038,True,0.0,331.4784851074219,331.4784851074219
fresh_563,1069,1069,1997,True,0.0,305.1160583496094,305.1160583496094
fresh_564,78,78,2994,True,0.0,357.0149230957031,357.0149230957031
fresh_565,43,43,3025,True,0.0,389.3973083496094,389.3973083496094
fresh_566,842,842,2218,True,0.0,416.1575012207031,416.1575012207031
fresh_567,1083,1083,2011,True,0.0,296.5654296875,296.5654296875
fresh_568,276,276,2796,True,0.0,346.1744689941406,346.1744689941406
fresh_569,47,47,3029,True,0.0,310.8016662597656,310.8016662597656
fresh_570,162,162,2892,True,0.0,348.82550048828125,348.82550048828125
fresh_571,866,866,2178,True,0.0,320.4733581542969,320.4733581542969
fresh_572,1401,1401,1689,True,0.0,481.4351501464844,481.4351501464844
fresh_573,79,79,2995,True,0.0,380.6961364746094,380.6961364746094
fresh_574,797,797,2301,True,0.0848388671875,301.9021301269531,301.9021301269531
fresh_575,1398,1398,1686,True,0.0,375.3292236328125,375.3292236328125
fresh_576,930,930,2114,True,0.0,344.162109375,344.162109375
fresh_577,961,961,2081,True,0.0,415.6103515625,415.6103515625
fresh_578,82,82,2998,True,0.0,300.41900634765625,300.41900634765625
fresh_579,80,80,2996,True,0.0,340.5934143066406,340.5934143066406
fresh_580,39,39,3039,True,0.0,227.01246643066406,227.01246643066406
fresh_581,1361,1361,1713,True,0.0,412.4308776855469,412.4308776855469
fresh_582,584,584,2472,True,0.0,366.77337646484375,366.77337646484375
fresh_583,299,299,2771,True,0.0,318.69696044921875,318.69696044921875
fresh_584,1469,1469,1629,True,0.0,341.2812194824219,341.2812194824219
fresh_585,154,154,2920,True,0.0,428.10382080078125,428.10382080078125
fresh_586,908,908,2156,True,0.0,277.1571350097656,277.1571350097656
fresh_587,147,147,2913,True,0.0,448.87176513671875,448.87176513671875
fresh_588,613,613,2437,True,0.0,493.5154724121094,493.5154724121094
fresh_589,26,26,3042,True,0.0,380.8018798828125,380.8018798828125
fresh_590,94,94,2984,True,0.0,376.69195556640625,376.69195556640625
fresh_591,34,34,3034,True,0.0,300.0284423828125,300.0284423828125
fresh_592,407,407,2667,True,0.0,374.8623046875,374.8623046875
fresh_593,280,280,2800,True,0.0,388.0479736328125,388.0479736328125
fresh_594,144,144,2910,True,0.0,395.3916320800781,395.3916320800781
fresh_595,72,72,2988,True,0.0,372.3519592285156,372.3519592285156
fresh_596,689,689,2385,True,0.0,382.6558532714844,382.6558532714844
fresh_597,48,48,3030,True,0.0,445.1082763671875,445.1082763671875
fresh_598,1064,1064,1992,True,0.0,383.23529052734375,383.23529052734375
fresh_599,38,38,3038,True,0.0,439.5855407714844,439.5855407714844
fresh_600,905,905,2153,True,0.0,361.34844970703125,361.34844970703125
fresh_601,39,39,3039,True,0.0,370.72119140625,370.72119140625
fresh_602,346,346,2716,True,0.0,424.6597595214844,424.6597595214844
fresh_603,587,587,2475,True,0.0,353.5881042480469,353.5881042480469
fresh_604,26,26,3042,True,0.0,334.1495361328125,334.1495361328125
fresh_605,93,93,2983,True,0.0,421.29486083984375,421.29486083984375
fresh_606,1478,1478,1574,True,0.0,406.0947265625,406.0947265625
fresh_607,1108,1108,1972,True,0.0,338.6375427246094,338.6375427246094
fresh_608,501,501,2581,True,0.0,377.18170166015625,377.18170166015625
fresh_609,161,161,2927,True,0.0,400.5066833496094,400.5066833496094
fresh_610,250,250,2816,True,0.0,321.1550598144531,321.1550598144531
fresh_611,211,211,2863,True,0.0,317.2442626953125,317.2442626953125
fresh_612,521,521,2537,True,0.0,366.2534484863281,366.2534484863281
fresh_613,1347,1347,1699,True,0.0,523.0183715820312,523.0183715820312
fresh_614,394,394,2654,True,0.0,305.9982604980469,305.9982604980469
fresh_615,2,2,3068,True,0.0,277.19268798828125,277.19268798828125
fresh_616,998,998,2054,True,0.0,399.4559326171875,399.4559326171875
fresh_617,34,34,3034,True,0.0,370.1279296875,370.1279296875
fresh_618,42,42,3024,True,0.0,314.44390869140625,314.44390869140625
fresh_619,924,924,2172,True,0.0,312.2480773925781,312.2480773925781
fresh_620,1014,1014,2070,True,0.0,282.23333740234375,282.23333740234375
fresh_621,73,73,2989,True,0.0,331.0315856933594,331.0315856933594
fresh_622,55,55,3017,True,0.0,310.47900390625,310.47900390625
fresh_623,1193,1193,1865,True,0.0,362.23345947265625,362.23345947265625
fresh_624,173,173,2903,True,0.0,371.4023132324219,371.4023132324219
fresh_625,460,460,2602,True,0.0,349.77142333984375,349.77142333984375
fresh_626,1137,1137,1937,True,0.0,306.1940002441406,306.1940002441406
fresh_627,1335,1335,1751,True,0.0,494.7705993652344,494.7705993652344
fresh_628,1384,1384,1672,True,0.0,292.02325439453125,292.02325439453125
fresh_629,350,350,2720,True,0.0,276.2709045410156,276.2709045410156
fresh_630,398,398,2658,True,0.0,432.5314025878906,432.5314025878906
fresh_631,1350,1350,1702,True,0.0,407.2720947265625,407.2720947265625
fresh_632,1003,1003,2059,True,0.15826416015625,330.48968505859375,330.48968505859375
fresh_633,328,328,2750,True,0.0,344.245361328125,344.245361328125
fresh_634,1060,1060,1988,True,0.0,459.0762634277344,459.0762634277344
fresh_635,208,208,2860,True,0.0,397.2900695800781,397.2900695800781
fresh_636,138,138,2938,True,0.0,271.9085998535156,271.9085998535156
fresh_637,73,73,2989,True,0.0,420.8287658691406,420.8287658691406
fresh_638,78,78,2994,True,0.0,322.4956970214844,322.4956970214844
fresh_639,2058,1002,1002,True,0.18316650390625,268.1727294921875,268.35589599609375
fresh_640,948,948,2132,True,0.0,370.2067565917969,370.2067565917969
fresh_641,1392,1392,1680,True,0.0,450.4527893066406,450.4527893066406
fresh_642,38,38,3038,True,0.0,405.9978942871094,405.9978942871094
fresh_643,1051,1051,2043,True,0.0,381.30584716796875,381.30584716796875
fresh_644,586,586,2474,True,0.0,282.4045715332031,282.4045715332031
fresh_645,289,289,2761,True,0.0,318.30108642578125,318.30108642578125
fresh_646,1447,1447,1607,True,0.0,336.8970947265625,336.8970947265625
fresh_647,47,47,3029,True,0.0,304.3519287109375,304.3519287109375
fresh_648,23,23,3053,True,0.0,413.70758056640625,413.70758056640625
fresh_649,1234,1234,1842,True,0.0,478.4981689453125,478.4981689453125
fresh_650,1235,1235,1843,True,0.0,455.7468566894531,455.7468566894531
fresh_651,249,249,2815,True,0.0,410.17181396484375,410.17181396484375
fresh_652,888,888,2200,True,0.0,564.9234619140625,564.9234619140625
fresh_653,855,855,2231,True,0.0,445.1919860839844,445.1919860839844
fresh_654,76,76,2992,True,0.0,251.864013671875,251.864013671875
fresh_655,78,78,2994,True,0.0,339.604248046875,339.604248046875
fresh_656,1142,1142,1942,True,0.0,309.8617248535156,309.8617248535156
fresh_657,331,331,2753,True,0.0,369.1509704589844,369.1509704589844
fresh_658,581,581,2469,True,0.0,501.7237548828125,501.7237548828125
fresh_659,53,53,3015,True,0.0,531.823974609375,531.823974609375
fresh_660,63,63,3003,True,0.0,343.6224365234375,343.6224365234375
fresh_661,495,495,2575,True,0.0,345.8254699707031,345.8254699707031
fresh_662,773,773,2277,True,0.0,442.42144775390625,442.42144775390625
fresh_663,31,31,3047,True,0.0,211.82308959960938,211.82308959960938
fresh_664,103,103,2965,True,0.0,266.2572326660156,266.2572326660156
fresh_665,43,43,3025,True,0.0,276.3592834472656,276.3592834472656
fresh_666,343,343,2713,True,0.0,310.994873046875,310.994873046875
fresh_667,127,127,2959,True,0.0,348.52447509765625,348.52447509765625
fresh_668,971,971,2091,True,0.0,300.86669921875,300.86669921875
fresh_669,245,245,2811,True,0.0,324.49822998046875,324.49822998046875
fresh_670,541,541,2557,True,0.0,339.68865966796875,339.68865966796875
fresh_671,1162,1162,1898,True,0.0,368.4158020019531,368.4158020019531
fresh_672,15,15,3057,True,0.0,388.8757629394531,388.8757629394531
fresh_673,563,563,2515,True,0.0,396.0080261230469,396.0080261230469
fresh_674,38,38,3038,True,0.0,240.4638671875,240.4638671875
fresh_675,71,71,3011,True,0.0,386.1377258300781,386.1377258300781
fresh_676,680,680,2376,True,0.0,459.13861083984375,459.13861083984375
fresh_677,1402,1402,1690,True,0.0,274.13983154296875,274.13983154296875
fresh_678,789,789,2293,True,0.01348876953125,328.5357666015625,328.5357666015625
fresh_679,10,10,3062,True,0.0,319.8800964355469,319.8800964355469
fresh_680,1027,1027,2019,True,0.0,499.2159729003906,499.2159729003906
fresh_681,854,854,2230,True,0.0,472.75927734375,472.75927734375
fresh_682,296,296,2768,True,0.0,345.8067932128906,345.8067932128906
fresh_683,204,204,2856,True,0.0,321.8857727050781,321.8857727050781
fresh_684,20,20,3050,True,0.0,317.4791564941406,317.4791564941406
fresh_685,13,13,3055,True,0.0,319.8174133300781,319.8174133300781
fresh_686,100,100,2962,True,0.0,297.3918151855469,297.3918151855469
fresh_687,343,343,2713,True,0.0,361.5853576660156,361.5853576660156
fresh_688,349,349,2719,True,0.0,324.8507385253906,324.8507385253906
fresh_689,1272,1272,1816,True,0.0,287.1758117675781,287.1758117675781
fresh_690,6,6,3066,True,0.0,247.4368896484375,247.4368896484375
fresh_691,247,247,2813,True,0.0,393.1784362792969,393.1784362792969
fresh_692,904,904,2152,True,0.0,400.5044250488281,400.5044250488281
fresh_693,417,417,2677,True,0.0,299.3422546386719,299.3422546386719
fresh_694,55,55,3017,True,0.0,401.85357666015625,401.85357666015625
fresh_695,161,161,2927,True,0.0,280.3090515136719,280.3090515136719
fresh_696,1466,1466,1626,True,0.0,379.91558837890625,379.91558837890625
fresh_697,1407,1407,1695,True,0.0,522.3959350585938,522.3959350585938
fresh_698,197,197,2889,True,0.0,397.11688232421875,397.11688232421875
fresh_699,70,70,3010,True,0.0,324.1260986328125,324.1260986328125
fresh_700,68,68,3008,True,0.0,368.0680236816406,368.0680236816406
fresh_701,110,110,2972,True,0.0,323.0421142578125,323.0421142578125
fresh_702,965,965,2085,True,0.0,357.10174560546875,357.10174560546875
fresh_703,778,778,2282,True,0.25128173828125,316.3756103515625,316.3756103515625
fresh_704,107,107,2969,True,0.0,351.1298522949219,351.1298522949219
fresh_705,1172,1172,1908,True,0.0,366.93994140625,366.93994140625
fresh_706,208,208,2860,True,0.0,530.175048828125,530.175048828125
fresh_707,6,6,3066,True,0.0,366.24072265625,366.24072265625
fresh_708,131,131,2931,True,0.0,356.6684875488281,356.6684875488281
fresh_709,73,73,2989,True,0.0,264.2904357910156,264.2904357910156
fresh_710,2323,755,755,True,1.025390625,500.12078857421875,501.14617919921875
fresh_711,586,586,2474,True,0.0,366.4504089355469,366.4504089355469
fresh_712,2059,1003,1003,True,0.0419921875,368.8197937011719,368.8617858886719
fresh_713,24,24,3040,True,0.0,530.0208129882812,530.0208129882812
fresh_714,246,246,2812,True,0.0,446.88427734375,446.88427734375
fresh_715,1319,1319,1735,True,0.0,356.814208984375,356.814208984375
fresh_716,2273,769,769,True,0.228973388671875,381.5411376953125,381.7701110839844
fresh_717,248,248,2814,True,0.0,315.8129577636719,315.8129577636719
fresh_718,14,14,3056,True,0.0,446.26397705078125,446.26397705078125
fresh_719,80,80,2996,True,0.0,294.5422058105469,294.5422058105469
fresh_720,165,165,2895,True,0.0,391.5679931640625,391.5679931640625
fresh_721,275,275,2795,True,0.0,307.1917724609375,307.1917724609375
fresh_722,575,575,2527,True,0.0,420.11431884765625,420.11431884765625
fresh_723,910,910,2158,True,0.0,334.266357421875,334.266357421875
fresh_724,838,838,2214,True,0.0,395.4609375,395.4609375
fresh_725,609,609,2433,True,0.0,296.5430603027344,296.5430603027344
fresh_726,189,189,2881,True,0.0,467.25689697265625,467.25689697265625
fresh_727,590,590,2478,True,0.0,481.7640380859375,481.7640380859375
fresh_728,777,777,2281,True,0.263031005859375,378.9056701660156,378.9056701660156
fresh_729,2,2,3068,True,0.0,343.4278259277344,343.4278259277344
fresh_730,1208,1208,1880,True,0.0,394.10321044921875,394.10321044921875
fresh_731,19,19,3049,True,0.0,346.50775146484375,346.50775146484375
fresh_732,868,868,2180,True,0.0,339.5531311035156,339.5531311035156
fresh_733,1011,1011,2067,True,0.0,362.7040100097656,362.7040100097656
fresh_734,110,110,2972,True,0.0,302.75408935546875,302.75408935546875
fresh_735,596,596,2484,True,0.0,407.7643737792969,407.7643737792969
fresh_736,29,29,3045,True,0.0,323.9649963378906,323.9649963378906
fresh_737,167,167,2897,True,0.0,352.5870666503906,352.5870666503906
fresh_738,492,492,2572,True,0.0,317.6321716308594,317.6321716308594
fresh_739,181,181,2873,True,0.0,401.0102844238281,401.0102844238281
fresh_740,527,527,2543,True,0.0,300.4424133300781,300.4424133300781
fresh_741,1220,1220,1828,True,0.0,291.43280029296875,291.43280029296875
fresh_742,1112,1112,1976,True,0.0,484.8905944824219,484.8905944824219
fresh_743,868,868,2180,True,0.0,308.54205322265625,308.54205322265625
fresh_744,480,480,2560,True,0.0,318.4922180175781,318.4922180175781
fresh_745,2286,782,782,True,0.165008544921875,357.2473449707031,357.412353515625
fresh_746,520,520,2536,True,0.0,355.43707275390625,355.43707275390625
fresh_747,562,562,2514,True,0.0,530.7792358398438,530.7792358398438
fresh_748,640,640,2400,True,0.0,317.3832702636719,317.3832702636719
fresh_749,585,585,2473,True,0.0,325.28936767578125,325.28936767578125
fresh_750,17,17,3059,True,0.0,441.936767578125,441.936767578125
fresh_751,1541,1509,1509,True,0.768280029296875,356.1954650878906,356.9637451171875
fresh_752,75,75,2991,True,0.0,252.9008331298828,252.9008331298828
fresh_753,27,27,3043,True,0.0,438.059814453125,438.059814453125
fresh_754,86,86,2976,True,0.0,369.47552490234375,369.47552490234375
fresh_755,1169,1169,1905,True,0.0,273.6264953613281,273.6264953613281
fresh_756,524,524,2540,True,0.0,333.07586669921875,333.07586669921875
fresh_757,37,37,3037,True,0.0,375.140869140625,375.140869140625
fresh_758,588,588,2476,True,0.0,506.5012512207031,506.5012512207031
fresh_759,14,14,3056,True,0.0,357.0922546386719,357.0922546386719
fresh_760,46,46,3028,True,0.0,398.3043212890625,398.3043212890625
fresh_761,108,108,2970,True,0.0,296.8958740234375,296.8958740234375
fresh_762,2023,1031,1031,True,0.100555419921875,348.54962158203125,348.6501770019531
fresh_763,101,101,2963,True,0.0,370.39776611328125,370.39776611328125
fresh_764,1130,1130,1930,True,0.0,323.6947937011719,323.6947937011719
fresh_765,824,824,2264,True,0.0,293.3171081542969,293.3171081542969
fresh_766,1408,1408,1632,True,0.0,349.2928771972656,349.2928771972656
fresh_767,445,445,2647,True,0.0,433.66778564453125,433.66778564453125
fresh_768,467,467,2609,True,0.0,420.2420349121094,420.2420349121094
fresh_769,42,42,3024,True,0.0,373.15704345703125,373.15704345703125
fresh_770,835,835,2211,True,0.0,525.731689453125,525.731689453125
fresh_771,716,716,2348,True,0.0,365.7746887207031,365.7746887207031
fresh_772,111,111,2973,True,0.0,331.62786865234375,331.62786865234375
fresh_773,680,680,2376,True,0.0,400.8852233886719,400.8852233886719
fresh_774,702,702,2398,True,0.0,488.7245178222656,488.7245178222656
fresh_775,502,502,2582,True,0.0,352.8805847167969,352.8805847167969
fresh_776,80,80,2996,True,0.0,431.2926330566406,431.2926330566406
fresh_777,254,254,2820,True,0.0,393.6068115234375,393.6068115234375
fresh_778,25,25,3041,True,0.0,294.73077392578125,294.73077392578125
fresh_779,1267,1267,1811,True,0.0,277.2861022949219,277.2861022949219
fresh_780,810,810,2250,True,0.0,410.50469970703125,410.50469970703125
fresh_781,64,64,3004,True,0.0,409.682861328125,409.682861328125
fresh_782,37,37,3037,True,0.0,372.8322448730469,372.8322448730469
fresh_783,1325,1325,1741,True,0.0,362.3992919921875,362.3992919921875
fresh_784,257,257,2823,True,0.0,290.5140075683594,290.5140075683594
fresh_785,14,14,3056,True,0.0,325.024658203125,325.024658203125
fresh_786,1071,1071,1999,True,0.0,311.67059326171875,311.67059326171875
fresh_787,813,813,2253,True,0.0,378.81005859375,378.81005859375
fresh_788,1086,1086,2014,True,0.0,331.3969421386719,331.3969421386719
fresh_789,73,73,2989,True,0.0,391.74395751953125,391.74395751953125
fresh_790,1151,1151,1951,True,0.0,275.7439880371094,275.7439880371094
fresh_791,12,12,3054,True,0.0,346.0212707519531,346.0212707519531
fresh_792,125,125,2957,True,0.0,369.69476318359375,369.69476318359375
fresh_793,28,28,3044,True,0.0,330.81805419921875,330.81805419921875
fresh_794,243,243,2809,True,0.0,270.1854553222656,270.1854553222656
fresh_795,318,318,2740,True,0.0,358.66741943359375,358.66741943359375
fresh_796,963,963,2083,True,0.0,365.36376953125,365.36376953125
fresh_797,177,177,2907,True,0.0,435.24737548828125,435.24737548828125
fresh_798,348,348,2718,True,0.0,368.25274658203125,368.25274658203125
fresh_799,128,128,2928,True,0.0,343.28704833984375,343.28704833984375
fresh_800,314,314,2736,True,0.0,350.1280517578125,350.1280517578125
fresh_801,49,49,3031,True,0.0,365.7119140625,365.7119140625
fresh_802,57,57,3019,True,0.0,276.20147705078125,276.20147705078125
fresh_803,81,81,2997,True,0.0,307.12042236328125,307.12042236328125
fresh_804,1480,1480,1576,True,0.0,379.0645751953125,379.0645751953125
fresh_805,1097,1097,1961,True,0.0,210.0712890625,210.0712890625
fresh_806,1413,1413,1637,True,0.0,322.9856872558594,322.9856872558594
fresh_807,999,999,2055,True,0.01348876953125,300.4596862792969,300.4596862792969
fresh_808,684,684,2380,True,0.0,395.833740234375,395.833740234375
fresh_809,982,982,2102,True,0.0,326.3365783691406,326.3365783691406
fresh_810,1059,1059,1987,True,0.0,363.3649597167969,363.3649597167969
fresh_811,16,16,3058,True,0.0,399.0221252441406,399.0221252441406
fresh_812,98,98,2960,True,0.0,357.8038024902344,357.8038024902344
fresh_813,801,801,2241,True,0.0,356.7865295410156,356.7865295410156
fresh_814,956,956,2140,True,0.0,387.3782043457031,387.3782043457031
fresh_815,35,35,3035,True,0.0,311.9573059082031,311.9573059082031
fresh_816,107,107,2969,True,0.0,329.6110534667969,329.6110534667969
fresh_817,126,126,2958,True,0.0,315.9739685058594,315.9739685058594
fresh_818,212,212,2864,True,0.0,412.7551574707031,412.7551574707031
fresh_819,163,163,2893,True,0.0,541.6485595703125,541.6485595703125
fresh_820,143,143,2943,True,0.0,325.6679992675781,325.6679992675781
fresh_821,1507,1507,1539,True,1.758575439453125,371.2806091308594,371.2806091308594
fresh_822,49,49,3031,True,0.0,365.61676025390625,365.61676025390625
fresh_823,948,948,2132,True,0.0,312.0148010253906,312.0148010253906
fresh_824,1124,1124,1924,True,0.0,377.6473388671875,377.6473388671875
fresh_825,466,466,2608,True,0.0,440.28363037109375,440.28363037109375
fresh_826,1439,1439,1663,True,0.0,392.2081604003906,392.2081604003906
fresh_827,72,72,2988,True,0.0,432.0470275878906,432.0470275878906
fresh_828,22,22,3052,True,0.0,261.68084716796875,261.68084716796875
fresh_829,713,713,2345,True,0.0,372.5806884765625,372.5806884765625
fresh_830,1203,1203,1875,True,0.0,344.4897766113281,344.4897766113281
fresh_831,14,14,3056,True,0.0,368.53125,368.53125
fresh_832,78,78,2994,True,0.0,365.420654296875,365.420654296875
fresh_833,1467,1467,1627,True,0.0,387.381591796875,387.381591796875
fresh_834,37,37,3037,True,0.0,265.560546875,265.560546875
fresh_835,2112,928,928,True,0.0042724609375,300.5440673828125,300.54833984375
fresh_836,1332,1332,1748,True,0.0,427.8602600097656,427.8602600097656
fresh_837,151,151,2917,True,0.0,353.1809387207031,353.1809387207031
fresh_838,131,131,2931,True,0.0,283.2938537597656,283.2938537597656
fresh_839,143,143,2943,True,0.0,252.37353515625,252.37353515625
fresh_840,308,308,2780,True,0.0,441.95867919921875,441.95867919921875
fresh_841,355,355,2725,True,0.0,395.17791748046875,395.17791748046875
fresh_842,96,96,2986,True,0.0,403.3481750488281,403.3481750488281
fresh_843,375,375,2691,True,0.0,293.84942626953125,293.84942626953125
fresh_844,458,458,2600,True,0.0,403.3328552246094,403.3328552246094
fresh_845,349,349,2719,True,0.0,446.2864074707031,446.2864074707031
fresh_846,78,78,2994,True,0.0,269.2646179199219,269.2646179199219
fresh_847,52,52,3014,True,0.0,518.7130126953125,518.7130126953125
fresh_848,879,879,2191,True,0.0,413.350830078125,413.350830078125
fresh_849,1079,1079,2007,True,0.0,359.0826721191406,359.0826721191406
fresh_850,29,29,3045,True,0.0,278.3901062011719,278.3901062011719
fresh_851,33,33,3033,True,0.0,418.734619140625,418.734619140625
fresh_852,1234,1234,1842,True,0.0,385.58294677734375,385.58294677734375
fresh_853,269,269,2789,True,0.0,396.05621337890625,396.05621337890625
fresh_854,239,239,2849,True,0.0,342.733154296875,342.733154296875
fresh_855,453,453,2595,True,0.0,345.5472717285156,345.5472717285156
fresh_856,130,130,2930,True,0.0,273.4478454589844,273.4478454589844
fresh_857,61,61,3001,True,0.0,250.27288818359375,250.27288818359375
fresh_858,6,6,3066,True,0.0,315.880615234375,315.880615234375
fresh_859,29,29,3045,True,0.0,366.0223388671875,366.0223388671875
fresh_860,1020,1020,2076,True,0.0,284.3007507324219,284.3007507324219
fresh_861,939,939,2123,True,0.0,453.82513427734375,453.82513427734375
fresh_862,64,64,3004,True,0.0,400.81268310546875,400.81268310546875
fresh_863,33,33,3033,True,0.0,349.4383850097656,349.4383850097656
fresh_864,205,205,2857,True,0.0,446.42108154296875,446.42108154296875
fresh_865,502,502,2582,True,0.0,280.9232177734375,280.9232177734375
fresh_866,28,28,3044,True,0.0,281.4808349609375,281.4808349609375
fresh_867,1415,1415,1639,True,0.0,389.8753356933594,389.8753356933594
fresh_868,560,560,2512,True,0.12255859375,372.2740783691406,372.2740783691406
fresh_869,1555,1523,1523,True,2.40289306640625,340.7153625488281,343.1182556152344
fresh_870,307,307,2779,True,0.0,410.1282653808594,410.1282653808594
fresh_871,280,280,2800,True,0.0,365.3123474121094,365.3123474121094
fresh_872,26,26,3042,True,0.0,327.4405212402344,327.4405212402344
fresh_873,296,296,2768,True,0.0,493.419921875,493.419921875
fresh_874,1227,1227,1835,True,0.0,469.2799377441406,469.2799377441406
fresh_875,98,98,2960,True,0.0,375.66241455078125,375.66241455078125
fresh_876,53,53,3015,True,0.0,332.9626159667969,332.9626159667969
fresh_877,58,58,3020,True,0.0,245.12109375,245.12109375
fresh_878,141,141,2941,True,0.0,355.8438415527344,355.8438415527344
fresh_879,109,109,2971,True,0.0,448.5468444824219,448.5468444824219
fresh_880,209,209,2861,True,0.0,370.066162109375,370.066162109375
fresh_881,950,950,2134,True,0.0,370.8958435058594,370.8958435058594
fresh_882,1432,1432,1656,True,0.0,354.75592041015625,354.75592041015625
fresh_883,676,676,2372,True,0.0,344.3333435058594,344.3333435058594
fresh_884,10,10,3062,True,0.0,328.4371032714844,328.4371032714844
fresh_885,58,58,3020,True,0.0,415.11517333984375,415.11517333984375
fresh_886,1010,1010,2066,True,0.0,474.8315124511719,474.8315124511719
fresh_887,56,56,3018,True,0.0,413.1896057128906,413.1896057128906
fresh_888,6,6,3066,True,0.0,353.76025390625,353.76025390625
fresh_889,979,979,2099,True,0.0,478.46722412109375,478.46722412109375
fresh_890,134,134,2934,True,0.0,396.8921203613281,396.8921203613281
fresh_891,538,538,2554,True,0.0,286.1673278808594,286.1673278808594
fresh_892,160,160,2926,True,0.0,393.609619140625,393.609619140625
fresh_893,45,45,3027,True,0.0,383.60516357421875,383.60516357421875
fresh_894,522,522,2538,True,0.0,308.8872375488281,308.8872375488281
fresh_895,74,74,2990,True,0.0,381.87548828125,381.87548828125
fresh_896,68,68,3008,True,0.0,313.7795104980469,313.7795104980469
fresh_897,81,81,2997,True,0.0,446.81842041015625,446.81842041015625
fresh_898,1021,1021,2077,True,0.0,429.2668762207031,429.2668762207031
fresh_899,1454,1454,1614,True,0.0,397.88421630859375,397.88421630859375
fresh_900,811,811,2251,True,0.0,280.0216369628906,280.0216369628906
fresh_901,249,249,2815,True,0.0,492.5324401855469,492.5324401855469
fresh_902,67,67,3007,True,0.0,296.30023193359375,296.30023193359375
fresh_903,1342,1342,1758,True,0.0,489.78546142578125,489.78546142578125
fresh_904,405,405,2665,True,0.0,338.5586242675781,338.5586242675781
fresh_905,1044,1044,2036,True,0.0,337.6567077636719,337.6567077636719
fresh_906,31,31,3047,True,0.0,349.1551208496094,349.1551208496094
fresh_907,433,433,2635,True,0.0,418.6079406738281,418.6079406738281
fresh_908,171,171,2901,True,0.0,275.081298828125,275.081298828125
fresh_909,58,58,3020,True,0.0,321.3397216796875,321.3397216796875
fresh_910,255,255,2821,True,0.0,404.514892578125,404.514892578125
fresh_911,136,136,2936,True,0.0,398.3962707519531,398.3962707519531
fresh_912,645,645,2405,True,0.0,401.46588134765625,401.46588134765625
fresh_913,1346,1346,1698,True,0.0,221.58843994140625,221.58843994140625
fresh_914,1290,1290,1770,True,0.0,354.90362548828125,354.90362548828125
fresh_915,945,945,2129,True,0.0,353.885009765625,353.885009765625
fresh_916,94,94,2984,True,0.0,279.7112121582031,279.7112121582031
fresh_917,1181,1181,1917,True,0.0,300.1895751953125,300.1895751953125
fresh_918,162,162,2892,True,0.0,289.965576171875,289.965576171875
fresh_919,129,129,2929,True,0.0,303.4444274902344,303.4444274902344
fresh_920,377,377,2693,True,0.0,401.5645446777344,401.5645446777344
fresh_921,191,191,2883,True,0.0,348.0503845214844,348.0503845214844
fresh_922,274,274,2794,True,0.0,267.0169372558594,267.0169372558594
fresh_923,6,6,3066,True,0.0,342.4781799316406,342.4781799316406
fresh_924,4,4,3064,True,0.0,275.29827880859375,275.29827880859375
fresh_925,991,991,2111,True,0.0,330.8628234863281,330.8628234863281
fresh_926,111,111,2973,True,0.0,360.4046630859375,360.4046630859375
fresh_927,316,316,2738,True,0.0,508.1612854003906,508.1612854003906
fresh_928,986,986,2106,True,0.0,333.9259948730469,333.9259948730469
fresh_929,923,923,2171,True,0.0,442.7081604003906,442.7081604003906
fresh_930,492,492,2572,True,0.0,333.9930419921875,333.9930419921875
fresh_931,164,164,2894,True,0.0,380.2400207519531,380.2400207519531
fresh_932,1400,1400,1688,True,0.0,446.0185546875,446.0185546875
fresh_933,1408,1408,1632,True,0.0,450.9826354980469,450.9826354980469
fresh_934,552,552,2504,True,0.0,352.8935852050781,352.8935852050781
fresh_935,703,703,2399,True,0.0,374.3697509765625,374.3697509765625
fresh_936,38,38,3038,True,0.0,542.1058959960938,542.1058959960938
fresh_937,127,127,2959,True,0.0,327.95684814453125,327.95684814453125
fresh_938,1495,1495,1591,True,0.0,445.99066162109375,445.99066162109375
fresh_939,1552,1520,1520,True,0.411590576171875,369.6673278808594,370.07891845703125
fresh_940,97,97,2987,True,0.0,352.240478515625,352.240478515625
fresh_941,168,168,2898,True,0.0,374.1563720703125,374.1563720703125
fresh_942,3,3,3069,True,0.0,352.40289306640625,352.40289306640625
fresh_943,261,261,2827,True,0.0,366.1676330566406,366.1676330566406
fresh_944,235,235,2845,True,0.0,804.7848510742188,804.7848510742188
fresh_945,75,75,2991,True,0.0,281.0206604003906,281.0206604003906
fresh_946,1284,1284,1764,True,0.0,448.7034606933594,448.7034606933594
fresh_947,284,284,2804,True,0.0,343.22625732421875,343.22625732421875
fresh_948,778,778,2282,True,0.005096435546875,443.4678955078125,443.4678955078125
fresh_949,250,250,2816,True,0.0,319.8022155761719,319.8022155761719
fresh_950,1508,1508,1540,True,3.816192626953125,333.8519287109375,333.8519287109375
fresh_951,239,239,2849,True,0.0,264.1411437988281,264.1411437988281
fresh_952,35,35,3035,True,0.0,354.2677917480469,354.2677917480469
fresh_953,209,209,2861,True,0.0,352.92694091796875,352.92694091796875
fresh_954,83,83,2999,True,0.0,324.4252624511719,324.4252624511719
fresh_955,427,427,2629,True,0.0,343.9163513183594,343.9163513183594
fresh_956,324,324,2746,True,0.0,422.8802490234375,422.8802490234375
fresh_957,1115,1115,1979,True,0.0,297.0660400390625,297.0660400390625
fresh_958,839,839,2215,True,0.0,499.7991638183594,499.7991638183594
fresh_959,79,79,2995,True,0.0,371.7104187011719,371.7104187011719
fresh_960,1275,1275,1819,True,0.0,320.3204040527344,320.3204040527344
fresh_961,19,19,3049,True,0.0,437.43359375,437.43359375
fresh_962,47,47,3029,True,0.0,280.47991943359375,280.47991943359375
fresh_963,90,90,2980,True,0.0,456.7662658691406,456.7662658691406
fresh_964,846,846,2222,True,0.0,268.4013671875,268.4013671875
fresh_965,956,956,2140,True,0.0,502.46435546875,502.46435546875
fresh_966,725,725,2357,True,0.0,387.0694580078125,387.0694580078125
fresh_967,298,298,2770,True,0.0,382.9756164550781,382.9756164550781
fresh_968,949,949,2133,True,0.0,339.9783020019531,339.9783020019531
fresh_969,1447,1447,1607,True,0.0,334.39300537109375,334.39300537109375
fresh_970,109,109,2971,True,0.0,440.7811584472656,440.7811584472656
fresh_971,970,970,2090,True,0.0,360.66265869140625,360.66265869140625
fresh_972,13,13,3055,True,0.0,311.1136474609375,311.1136474609375
fresh_973,17,17,3059,True,0.0,238.62161254882812,238.62161254882812
fresh_974,692,692,2388,True,0.0,385.1535339355469,385.1535339355469
fresh_975,150,150,2916,True,0.0,380.76080322265625,380.76080322265625
fresh_976,60,60,3000,True,0.0,321.83538818359375,321.83538818359375
fresh_977,478,478,2620,True,0.0,320.9906005859375,320.9906005859375
fresh_978,912,912,2160,True,0.0,366.3916931152344,366.3916931152344
fresh_979,1478,1478,1574,True,0.0,350.9012145996094,350.9012145996094
fresh_980,198,198,2890,True,0.0,328.1099853515625,328.1099853515625
fresh_981,117,117,2949,True,0.0,315.5162658691406,315.5162658691406
fresh_982,150,150,2916,True,0.0,307.3493957519531,307.3493957519531
fresh_983,1127,1127,1927,True,0.0,384.1849060058594,384.1849060058594
fresh_984,989,989,2109,True,0.0,306.0270080566406,306.0270080566406
fresh_985,52,52,3014,True,0.0,426.43157958984375,426.43157958984375
fresh_986,182,182,2874,True,0.0,339.5582275390625,339.5582275390625
fresh_987,502,502,2582,True,0.0,427.13018798828125,427.13018798828125
fresh_988,24,24,3040,True,0.0,270.54058837890625,270.54058837890625
fresh_989,197,197,2889,True,0.0,262.0467834472656,262.0467834472656
fresh_990,1035,1035,2027,True,0.12646484375,520.7392578125,520.7392578125
fresh_991,777,777,2281,True,0.442230224609375,327.17547607421875,327.17547607421875
fresh_992,1013,1013,2069,True,0.026275634765625,293.9018249511719,293.9018249511719
fresh_993,797,797,2301,True,0.2413330078125,362.46978759765625,362.46978759765625
fresh_994,19,19,3049,True,0.0,353.2794494628906,353.2794494628906
fresh_995,263,263,2829,True,0.0,341.2364501953125,341.2364501953125
fresh_996,31,31,3047,True,0.0,248.6133270263672,248.6133270263672
fresh_997,171,171,2901,True,0.0,324.2254333496094,324.2254333496094
fresh_998,1024,1024,2016,True,0.0,463.3065490722656,463.3065490722656
fresh_999,825,825,2265,True,0.0,401.9883728027344,401.9883728027344
fresh_1000,169,169,2899,True,0.0,326.542724609375,326.542724609375
fresh_1001,89,89,2979,True,0.0,346.2461242675781,346.2461242675781
fresh_1002,251,251,2817,True,0.0,305.110107421875,305.110107421875
fresh_1003,41,41,3023,True,0.0,364.2222900390625,364.2222900390625
fresh_1004,1112,1112,1976,True,0.0,407.6601867675781,407.6601867675781
fresh_1005,76,76,2992,True,0.0,271.2235107421875,271.2235107421875
fresh_1006,249,249,2815,True,0.0,463.0036315917969,463.0036315917969
fresh_1007,2050,994,994,True,0.1163330078125,305.2404479980469,305.3567810058594
fresh_1008,752,752,2320,True,0.02972412109375,424.7869873046875,424.7869873046875
fresh_1009,102,102,2964,True,0.0,214.46327209472656,214.46327209472656
fresh_1010,257,257,2823,True,0.0,353.9346008300781,353.9346008300781
fresh_1011,173,173,2903,True,0.0,323.2625427246094,323.2625427246094
fresh_1012,82,82,2998,True,0.0,338.2109680175781,338.2109680175781
fresh_1013,1107,1107,1971,True,0.0,351.07305908203125,351.07305908203125
fresh_1014,942,942,2126,True,0.0,299.0629577636719,299.0629577636719
fresh_1015,344,344,2714,True,0.0,295.7129211425781,295.7129211425781
fresh_1016,978,978,2098,True,0.0,386.6277160644531,386.6277160644531
fresh_1017,55,55,3017,True,0.0,335.1802062988281,335.1802062988281
fresh_1018,129,129,2929,True,0.0,483.5726318359375,483.5726318359375
fresh_1019,1157,1157,1893,True,0.0,347.642333984375,347.642333984375
fresh_1020,484,484,2564,True,0.0,298.28594970703125,298.28594970703125
fresh_1021,879,879,2191,True,0.0,292.03985595703125,292.03985595703125
fresh_1022,957,957,2141,True,0.0,303.2087097167969,303.2087097167969
fresh_1023,1431,1431,1655,True,0.0,280.3760986328125,280.3760986328125
fresh_1024,650,650,2410,True,0.0,447.0589904785156,447.0589904785156
fresh_1025,203,203,2855,True,0.0,323.65826416015625,323.65826416015625
fresh_1026,502,502,2582,True,0.0,306.7209167480469,306.7209167480469
fresh_1027,32,32,3032,True,0.0,457.65423583984375,457.65423583984375
fresh_1028,756,756,2324,True,0.1268310546875,568.6746826171875,568.6746826171875
fresh_1029,240,240,2850,True,0.0,343.8312072753906,343.8312072753906
fresh_1030,60,60,3000,True,0.0,260.0020751953125,260.0020751953125
fresh_1031,600,600,2488,True,0.0,344.94061279296875,344.94061279296875
fresh_1032,55,55,3017,True,0.0,459.49859619140625,459.49859619140625
fresh_1033,1477,1477,1573,True,0.0,291.2287902832031,291.2287902832031
fresh_1034,71,71,3011,True,0.0,344.4288635253906,344.4288635253906
fresh_1035,1463,1463,1623,True,0.0,364.6534423828125,364.6534423828125
fresh_1036,1324,1324,1740,True,0.0,387.62530517578125,387.62530517578125
fresh_1037,510,510,2590,True,0.0,290.0660095214844,290.0660095214844
fresh_1038,952,952,2136,True,0.0,323.8017883300781,323.8017883300781
fresh_1039,684,684,2380,True,0.0,259.3616943359375,259.3616943359375
fresh_1040,1044,1044,2036,True,0.0,409.4678039550781,409.4678039550781
fresh_1041,1156,1156,1892,True,0.0,205.81072998046875,205.81072998046875
fresh_1042,2000,1106,1072,False,0.7010498046875,272.1870422363281,272.8782958984375
fresh_1043,349,349,2719,True,0.0,472.44744873046875,472.44744873046875
fresh_1044,651,651,2411,True,0.0,295.4334716796875,295.4334716796875
fresh_1045,2040,1048,1048,True,0.036651611328125,445.10369873046875,445.1403503417969
fresh_1046,29,29,3045,True,0.0,385.6217956542969,385.6217956542969
fresh_1047,241,241,2851,True,0.0,351.01611328125,351.01611328125
fresh_1048,1276,1276,1820,True,0.0,476.1906433105469,476.1906433105469
fresh_1049,12,12,3054,True,0.0,359.1758728027344,359.1758728027344
fresh_1050,71,71,3011,True,0.0,359.12945556640625,359.12945556640625
fresh_1051,1343,1343,1759,True,0.0,342.5898742675781,342.5898742675781
fresh_1052,1430,1430,1654,True,0.0,514.5179443359375,514.5179443359375
fresh_1053,77,77,2993,True,0.0,327.63409423828125,327.63409423828125
fresh_1054,632,632,2456,True,0.0,582.1542358398438,582.1542358398438
fresh_1055,687,687,2383,True,0.0,435.82672119140625,435.82672119140625
fresh_1056,49,49,3031,True,0.0,317.51141357421875,317.51141357421875
fresh_1057,1083,1083,2011,True,0.0,423.6535339355469,423.6535339355469
fresh_1058,1038,1038,2030,True,0.059722900390625,507.9089050292969,507.9089050292969
fresh_1059,101,101,2963,True,0.0,365.3451843261719,365.3451843261719
fresh_1060,933,933,2117,True,0.0,327.9160461425781,327.9160461425781
fresh_1061,2305,737,737,True,0.467559814453125,406.775146484375,407.2427062988281
fresh_1062,787,787,2291,True,0.0523681640625,432.74322509765625,432.74322509765625
fresh_1063,11,11,3063,True,0.0,296.11083984375,296.11083984375
fresh_1064,217,217,2869,True,0.0,378.560302734375,378.560302734375
fresh_1065,1393,1393,1681,True,0.0,345.1736145019531,345.1736145019531
fresh_1066,1326,1326,1742,True,0.0,559.7730712890625,559.7730712890625
fresh_1067,741,741,2309,True,0.0,417.9864196777344,417.9864196777344
fresh_1068,32,32,3032,True,0.0,261.29931640625,261.29931640625
fresh_1069,25,25,3041,True,0.0,402.0593566894531,402.0593566894531
fresh_1070,47,47,3029,True,0.0,412.57647705078125,412.57647705078125
fresh_1071,137,137,2937,True,0.0,519.678955078125,519.678955078125
fresh_1072,1001,1001,2057,True,0.0,338.84869384765625,338.84869384765625
fresh_1073,1105,1105,1969,True,0.0,405.5722351074219,405.5722351074219
fresh_1074,1460,1460,1620,True,0.0,457.74212646484375,457.74212646484375
fresh_1075,161,161,2927,True,0.0,470.2311706542969,470.2311706542969
fresh_1076,167,167,2897,True,0.0,225.74520874023438,225.74520874023438
fresh_1077,26,26,3042,True,0.0,375.7339172363281,375.7339172363281
fresh_1078,52,52,3014,True,0.0,248.91697692871094,248.91697692871094
fresh_1079,236,236,2846,True,0.0,566.0803833007812,566.0803833007812
fresh_1080,1230,1230,1838,True,0.0,449.761474609375,449.761474609375
fresh_1081,1319,1319,1735,True,0.0,321.4183044433594,321.4183044433594
fresh_1082,520,520,2536,True,0.0,440.37957763671875,440.37957763671875
fresh_1083,569,569,2521,True,0.0,468.26751708984375,468.26751708984375
fresh_1084,285,285,2805,True,0.0,323.68414306640625,323.68414306640625
fresh_1085,1108,1108,1972,True,0.0,342.6515197753906,342.6515197753906
fresh_1086,295,295,2767,True,0.0,465.83428955078125,465.83428955078125
fresh_1087,80,80,2996,True,0.0,371.47357177734375,371.47357177734375
fresh_1088,84,84,2974,True,0.0,316.1479797363281,316.1479797363281
fresh_1089,113,113,2945,True,0.0,341.59716796875,341.59716796875
fresh_1090,1193,1193,1865,True,0.0,385.4393005371094,385.4393005371094
fresh_1091,41,41,3023,True,0.0,414.2047424316406,414.2047424316406
fresh_1092,1038,1038,2030,True,0.024688720703125,448.5596618652344,448.5596618652344
fresh_1093,328,328,2750,True,0.0,282.34442138671875,282.34442138671875
fresh_1094,47,47,3029,True,0.0,331.1565856933594,331.1565856933594
fresh_1095,1409,1409,1633,True,0.0,392.695556640625,392.695556640625
fresh_1096,1118,1118,1982,True,0.0,333.8203125,333.8203125
fresh_1097,1128,1128,1928,True,0.0,296.8998718261719,296.8998718261719
fresh_1098,33,33,3033,True,0.0,417.69744873046875,417.69744873046875
fresh_1099,73,73,2989,True,0.0,376.8957824707031,376.8957824707031
fresh_1100,399,399,2659,True,0.0,327.7078552246094,327.7078552246094
fresh_1101,79,79,2995,True,0.0,281.1424865722656,281.1424865722656
fresh_1102,1310,1310,1790,True,0.0,391.4532775878906,391.4532775878906
fresh_1103,1023,1023,2079,True,0.0,467.0956726074219,467.0956726074219
fresh_1104,284,284,2804,True,0.0,432.9835510253906,432.9835510253906
fresh_1105,99,99,2961,True,0.0,399.4727478027344,399.4727478027344
fresh_1106,1399,1399,1687,True,0.0,323.32550048828125,323.32550048828125
fresh_1107,21,21,3051,True,0.0,338.8126525878906,338.8126525878906
fresh_1108,810,810,2250,True,0.0,405.9756774902344,405.9756774902344
fresh_1109,852,852,2228,True,0.0,478.16949462890625,478.16949462890625
fresh_1110,1277,1277,1821,True,0.0,355.0179138183594,355.0179138183594
fresh_1111,1302,1302,1782,True,0.0,466.7520751953125,466.7520751953125
fresh_1112,99,99,2961,True,0.0,326.75653076171875,326.75653076171875
fresh_1113,946,946,2130,True,0.0,330.2127685546875,330.2127685546875
fresh_1114,303,303,2775,True,0.0,429.81524658203125,429.81524658203125
fresh_1115,124,124,2956,True,0.0,308.05450439453125,308.05450439453125
fresh_1116,603,603,2491,True,0.0,282.4161376953125,282.4161376953125
fresh_1117,1006,1006,2062,True,0.04443359375,405.3196716308594,405.3196716308594
fresh_1118,16,16,3058,True,0.0,476.33642578125,476.33642578125
fresh_1119,14,14,3056,True,0.0,343.78594970703125,343.78594970703125
fresh_1120,1430,1430,1654,True,0.0,386.02716064453125,386.02716064453125
fresh_1121,228,228,2838,True,0.0,340.40216064453125,340.40216064453125
fresh_1122,71,71,3011,True,0.0,369.9124755859375,369.9124755859375
fresh_1123,41,41,3023,True,0.0,327.6397705078125,327.6397705078125
fresh_1124,1,1,3071,True,0.0,415.9910888671875,415.9910888671875
fresh_1125,1073,1073,2001,True,0.0,339.00897216796875,339.00897216796875
fresh_1126,130,130,2930,True,0.0,298.3533020019531,298.3533020019531
fresh_1127,31,31,3047,True,0.0,451.3616027832031,451.3616027832031
fresh_1128,39,39,3039,True,0.0,272.8193664550781,272.8193664550781
fresh_1129,57,57,3019,True,0.0,320.4180908203125,320.4180908203125
fresh_1130,12,12,3054,True,0.0,333.3175964355469,333.3175964355469
fresh_1131,72,72,2988,True,0.0,241.45376586914062,241.45376586914062
fresh_1132,1535,1535,1567,True,4.660552978515625,310.6586608886719,310.6586608886719
fresh_1133,856,856,2232,True,0.0,459.7942199707031,459.7942199707031
fresh_1134,30,30,3046,True,0.0,232.5377960205078,232.5377960205078
fresh_1135,891,891,2203,True,0.0,537.4203491210938,537.4203491210938
fresh_1136,159,159,2925,True,0.0,419.3013610839844,419.3013610839844
fresh_1137,57,57,3019,True,0.0,451.9943542480469,451.9943542480469
fresh_1138,749,749,2317,True,0.127655029296875,317.7220153808594,317.7220153808594
fresh_1139,72,72,2988,True,0.0,401.4112243652344,401.4112243652344
fresh_1140,33,33,3033,True,0.0,396.00225830078125,396.00225830078125
fresh_1141,1372,1372,1724,True,0.0,306.50164794921875,306.50164794921875
fresh_1142,79,79,2995,True,0.0,402.64215087890625,402.64215087890625
fresh_1143,33,33,3033,True,0.0,307.789306640625,307.789306640625
fresh_1144,250,250,2816,True,0.0,308.45123291015625,308.45123291015625
fresh_1145,1140,1140,1940,True,0.0,419.4753723144531,419.4753723144531
fresh_1146,1201,1201,1873,True,0.0,551.4717407226562,551.4717407226562
fresh_1147,132,132,2932,True,0.0,287.01361083984375,287.01361083984375
fresh_1148,164,164,2894,True,0.0,262.17840576171875,262.17840576171875
fresh_1149,1373,1373,1725,True,0.0,329.9425354003906,329.9425354003906
fresh_1150,386,386,2702,True,0.0,301.28173828125,301.28173828125
fresh_1151,234,234,2844,True,0.0,336.65130615234375,336.65130615234375
fresh_1152,7,7,3067,True,0.0,401.87744140625,401.87744140625
fresh_1153,48,48,3030,True,0.0,265.1548156738281,265.1548156738281
fresh_1154,1023,1023,2079,True,0.0,280.609619140625,280.609619140625
fresh_1155,861,861,2237,True,0.0,320.5769348144531,320.5769348144531
fresh_1156,628,628,2452,True,0.0,459.5137634277344,459.5137634277344
fresh_1157,735,735,2367,True,0.0,386.4396667480469,386.4396667480469
fresh_1158,28,28,3044,True,0.0,368.5450134277344,368.5450134277344
fresh_1159,48,48,3030,True,0.0,411.72271728515625,411.72271728515625
fresh_1160,73,73,2989,True,0.0,266.27587890625,266.27587890625
fresh_1161,162,162,2892,True,0.0,474.88385009765625,474.88385009765625
fresh_1162,141,141,2941,True,0.0,540.7254028320312,540.7254028320312
fresh_1163,125,125,2957,True,0.0,283.4344482421875,283.4344482421875
fresh_1164,36,36,3036,True,0.0,341.9157409667969,341.9157409667969
fresh_1165,1226,1226,1834,True,0.0,430.0953674316406,430.0953674316406
fresh_1166,197,197,2889,True,0.0,306.9644470214844,306.9644470214844
fresh_1167,202,202,2854,True,0.0,354.4112854003906,354.4112854003906
fresh_1168,100,100,2962,True,0.0,434.4953308105469,434.4953308105469
fresh_1169,1207,1207,1879,True,0.0,351.9110107421875,351.9110107421875
fresh_1170,1090,1090,1954,True,0.0,388.0098571777344,388.0098571777344
fresh_1171,1142,1142,1942,True,0.0,234.60037231445312,234.60037231445312
fresh_1172,1100,1100,1964,True,0.0,522.3985595703125,522.3985595703125
fresh_1173,48,48,3030,True,0.0,349.6008605957031,349.6008605957031
fresh_1174,34,34,3034,True,0.0,226.26174926757812,226.26174926757812
fresh_1175,487,487,2567,True,0.0,443.77880859375,443.77880859375
fresh_1176,1483,1483,1579,True,0.0,378.50323486328125,378.50323486328125
fresh_1177,130,130,2930,True,0.0,449.83062744140625,449.83062744140625
fresh_1178,80,80,2996,True,0.0,360.7261047363281,360.7261047363281
fresh_1179,54,54,3016,True,0.0,270.8319396972656,270.8319396972656
fresh_1180,70,70,3010,True,0.0,289.7424621582031,289.7424621582031
fresh_1181,62,62,3002,True,0.0,411.3197937011719,411.3197937011719
fresh_1182,33,33,3033,True,0.0,385.6337585449219,385.6337585449219
fresh_1183,1172,1172,1908,True,0.0,358.3861999511719,358.3861999511719
fresh_1184,127,127,2959,True,0.0,400.3896789550781,400.3896789550781
fresh_1185,320,320,2742,True,0.0,375.9573669433594,375.9573669433594
fresh_1186,94,94,2984,True,0.0,257.2103576660156,257.2103576660156
fresh_1187,106,106,2968,True,0.0,489.1761779785156,489.1761779785156
fresh_1188,93,93,2983,True,0.0,360.7749328613281,360.7749328613281
fresh_1189,313,313,2735,True,0.0,444.7940979003906,444.7940979003906
fresh_1190,85,85,2975,True,0.0,372.2347717285156,372.2347717285156
fresh_1191,31,31,3047,True,0.0,396.9791259765625,396.9791259765625
fresh_1192,35,35,3035,True,0.0,393.9590759277344,393.9590759277344
fresh_1193,42,42,3024,True,0.0,535.0267944335938,535.0267944335938
fresh_1194,53,53,3015,True,0.0,307.15301513671875,307.15301513671875
fresh_1195,1369,1369,1721,True,0.0,433.3696594238281,433.3696594238281
fresh_1196,469,469,2611,True,0.0,336.6672058105469,336.6672058105469
fresh_1197,68,68,3008,True,0.0,307.57537841796875,307.57537841796875
fresh_1198,29,29,3045,True,0.0,398.0646057128906,398.0646057128906
fresh_1199,72,72,2988,True,0.0,314.4077453613281,314.4077453613281
fresh_1200,25,25,3041,True,0.0,478.87518310546875,478.87518310546875
fresh_1201,1194,1194,1866,True,0.0,244.30377197265625,244.30377197265625
fresh_1202,103,103,2965,True,0.0,356.58837890625,356.58837890625
fresh_1203,461,461,2603,True,0.0,400.61798095703125,400.61798095703125
fresh_1204,109,109,2971,True,0.0,256.7246398925781,256.7246398925781
fresh_1205,66,66,3006,True,0.0,409.03668212890625,409.03668212890625
fresh_1206,1238,1238,1846,True,0.0,389.33447265625,389.33447265625
fresh_1207,459,459,2601,True,0.0,349.1513671875,349.1513671875
fresh_1208,443,443,2645,True,0.0,299.7319030761719,299.7319030761719
fresh_1209,548,548,2500,True,0.0,417.6173095703125,417.6173095703125
fresh_1210,44,44,3026,True,0.0,316.990478515625,316.990478515625
fresh_1211,884,884,2196,True,0.0,426.81683349609375,426.81683349609375
fresh_1212,232,232,2842,True,0.0,245.0399932861328,245.0399932861328
fresh_1213,30,30,3046,True,0.0,283.64056396484375,283.64056396484375
fresh_1214,850,850,2226,True,0.0,330.67559814453125,330.67559814453125
fresh_1215,272,272,2792,True,0.0,445.6313781738281,445.6313781738281
fresh_1216,132,132,2932,True,0.0,466.6259765625,466.6259765625
fresh_1217,76,76,2992,True,0.0,329.3695373535156,329.3695373535156
fresh_1218,76,76,2992,True,0.0,398.2340087890625,398.2340087890625
fresh_1219,954,954,2138,True,0.0,410.02197265625,410.02197265625
fresh_1220,133,133,2933,True,0.0,397.4097595214844,397.4097595214844
fresh_1221,894,894,2206,True,0.0,454.2266845703125,454.2266845703125
fresh_1222,210,210,2862,True,0.0,301.8695983886719,301.8695983886719
fresh_1223,80,80,2996,True,0.0,254.4037322998047,254.4037322998047
fresh_1224,37,37,3037,True,0.0,370.0184020996094,370.0184020996094
fresh_1225,348,348,2718,True,0.0,287.71917724609375,287.71917724609375
fresh_1226,48,48,3030,True,0.0,385.8252868652344,385.8252868652344
fresh_1227,1511,1511,1543,True,0.4281005859375,362.9693603515625,362.9693603515625
fresh_1228,383,383,2699,True,0.0,313.6846008300781,313.6846008300781
fresh_1229,34,34,3034,True,0.0,328.1027526855469,328.1027526855469
fresh_1230,842,842,2218,True,0.0,313.10931396484375,313.10931396484375
fresh_1231,29,29,3045,True,0.0,408.32025146484375,408.32025146484375
fresh_1232,20,20,3050,True,0.0,332.5511474609375,332.5511474609375
fresh_1233,465,465,2607,True,0.0,304.69305419921875,304.69305419921875
fresh_1234,20,20,3050,True,0.0,347.46221923828125,347.46221923828125
fresh_1235,1266,1266,1810,True,0.0,293.3466796875,293.3466796875
fresh_1236,629,629,2453,True,0.0,489.5386657714844,489.5386657714844
fresh_1237,1071,1071,1999,True,0.0,317.5126037597656,317.5126037597656
fresh_1238,309,309,2781,True,0.0,396.59259033203125,396.59259033203125
fresh_1239,837,837,2213,True,0.0,260.4061584472656,260.4061584472656
fresh_1240,986,986,2106,True,0.0,316.1069030761719,316.1069030761719
fresh_1241,32,32,3032,True,0.0,273.0412292480469,273.0412292480469
fresh_1242,81,81,2997,True,0.0,436.41973876953125,436.41973876953125
fresh_1243,15,15,3057,True,0.0,352.0761413574219,352.0761413574219
fresh_1244,974,974,2094,True,0.0,328.1795654296875,328.1795654296875
fresh_1245,1434,1434,1658,True,0.0,457.7772216796875,457.7772216796875
fresh_1246,1,1,3071,True,0.0,212.95484924316406,212.95484924316406
fresh_1247,98,98,2960,True,0.0,250.9596710205078,250.9596710205078
fresh_1248,329,329,2751,True,0.0,469.7078857421875,469.7078857421875
fresh_1249,74,74,2990,True,0.0,463.62615966796875,463.62615966796875
fresh_1250,1,1,3071,True,0.0,291.62054443359375,291.62054443359375
fresh_1251,15,15,3057,True,0.0,369.2933654785156,369.2933654785156
fresh_1252,1334,1334,1750,True,0.0,354.086669921875,354.086669921875
fresh_1253,1386,1386,1674,True,0.0,309.3773193359375,309.3773193359375
fresh_1254,48,48,3030,True,0.0,323.63427734375,323.63427734375
fresh_1255,34,34,3034,True,0.0,235.84756469726562,235.84756469726562
fresh_1256,49,49,3031,True,0.0,345.86749267578125,345.86749267578125
fresh_1257,282,282,2802,True,0.0,404.30279541015625,404.30279541015625
fresh_1258,323,323,2745,True,0.0,353.88543701171875,353.88543701171875
fresh_1259,1223,1223,1831,True,0.0,259.6634521484375,259.6634521484375
fresh_1260,1440,1440,1600,True,0.0,360.265380859375,360.265380859375
fresh_1261,60,60,3000,True,0.0,448.3744201660156,448.3744201660156
fresh_1262,977,977,2097,True,0.0,425.57647705078125,425.57647705078125
fresh_1263,231,231,2841,True,0.0,376.2093505859375,376.2093505859375
fresh_1264,56,56,3018,True,0.0,390.3964538574219,390.3964538574219
fresh_1265,25,25,3041,True,0.0,333.24859619140625,333.24859619140625
fresh_1266,1280,1280,1760,True,0.0,532.8919067382812,532.8919067382812
fresh_1267,731,731,2363,True,0.0,380.7740783691406,380.7740783691406
fresh_1268,59,59,3021,True,0.0,358.58026123046875,358.58026123046875
fresh_1269,56,56,3018,True,0.0,315.56201171875,315.56201171875
fresh_1270,191,191,2883,True,0.0,317.7415771484375,317.7415771484375
fresh_1271,250,250,2816,True,0.0,441.91558837890625,441.91558837890625
fresh_1272,1414,1414,1638,True,0.0,333.2989501953125,333.2989501953125
fresh_1273,1121,1121,1921,True,0.0,396.62652587890625,396.62652587890625
fresh_1274,487,487,2567,True,0.0,500.19366455078125,500.19366455078125
fresh_1275,36,36,3036,True,0.0,326.1380310058594,326.1380310058594
fresh_1276,110,110,2972,True,0.0,232.71658325195312,232.71658325195312
fresh_1277,276,276,2796,True,0.0,460.3271789550781,460.3271789550781
fresh_1278,22,22,3052,True,0.0,415.2511901855469,415.2511901855469
fresh_1279,1292,1292,1772,True,0.0,311.17877197265625,311.17877197265625
fresh_1280,1026,1026,2018,True,0.0,407.6128234863281,407.6128234863281
fresh_1281,1331,1331,1747,True,0.0,389.2403869628906,389.2403869628906
fresh_1282,939,939,2123,True,0.0,499.13421630859375,499.13421630859375
fresh_1283,2308,740,740,True,0.421539306640625,377.7520751953125,378.1736145019531
fresh_1284,725,725,2357,True,0.0,360.5611267089844,360.5611267089844
fresh_1285,117,117,2949,True,0.0,420.3048400878906,420.3048400878906
fresh_1286,1341,1341,1757,True,0.0,482.1769714355469,482.1769714355469
fresh_1287,37,37,3037,True,0.0,496.5169677734375,496.5169677734375
fresh_1288,99,99,2961,True,0.0,224.8496856689453,224.8496856689453
fresh_1289,1070,1070,1998,True,0.0,409.1242370605469,409.1242370605469
fresh_1290,330,330,2752,True,0.0,337.13763427734375,337.13763427734375
fresh_1291,116,116,2948,True,0.0,356.0246276855469,356.0246276855469
fresh_1292,398,398,2658,True,0.0,315.6600036621094,315.6600036621094
fresh_1293,12,12,3054,True,0.0,403.03558349609375,403.03558349609375
fresh_1294,16,16,3058,True,0.0,184.29623413085938,184.29623413085938
fresh_1295,941,941,2125,True,0.0,308.5150451660156,308.5150451660156
fresh_1296,627,627,2451,True,0.0,415.8787841796875,415.8787841796875
fresh_1297,890,890,2202,True,0.0,500.2986145019531,500.2986145019531
fresh_1298,1211,1211,1883,True,0.0,321.6416931152344,321.6416931152344
fresh_1299,79,79,2995,True,0.0,504.97784423828125,504.97784423828125
fresh_1300,104,104,2966,True,0.0,272.5369873046875,272.5369873046875
fresh_1301,1495,1495,1591,True,0.0,356.31201171875,356.31201171875
fresh_1302,1173,1173,1909,True,0.0,339.1288757324219,339.1288757324219
fresh_1303,216,216,2868,True,0.0,409.9064636230469,409.9064636230469
fresh_1304,57,57,3019,True,0.0,243.7268524169922,243.7268524169922
fresh_1305,82,82,2998,True,0.0,499.6520690917969,499.6520690917969
fresh_1306,878,878,2190,True,0.0,297.9530944824219,297.9530944824219
fresh_1307,35,35,3035,True,0.0,367.3213806152344,367.3213806152344
fresh_1308,34,34,3034,True,0.0,409.8490905761719,409.8490905761719
fresh_1309,1222,1222,1830,True,0.0,420.2176818847656,420.2176818847656
fresh_1310,136,136,2936,True,0.0,263.6045837402344,263.6045837402344
fresh_1311,818,818,2258,True,0.0,351.1533203125,351.1533203125
fresh_1312,1165,1165,1901,True,0.0,341.96966552734375,341.96966552734375
fresh_1313,15,15,3057,True,0.0,432.7651672363281,432.7651672363281
fresh_1314,2056,1000,1000,True,0.02105712890625,410.1233825683594,410.1444396972656
fresh_1315,133,133,2933,True,0.0,413.18353271484375,413.18353271484375
fresh_1316,1076,1076,2004,True,0.0,302.99298095703125,302.99298095703125
fresh_1317,44,44,3026,True,0.0,321.6405334472656,321.6405334472656
fresh_1318,35,35,3035,True,0.0,354.174072265625,354.174072265625
fresh_1319,324,324,2746,True,0.0,475.1358947753906,475.1358947753906
fresh_1320,106,106,2968,True,0.0,425.08349609375,425.08349609375
fresh_1321,230,230,2840,True,0.0,602.4315185546875,602.4315185546875
fresh_1322,1418,1418,1642,True,0.0,298.9826354980469,298.9826354980469
fresh_1323,1107,1107,1971,True,0.0,371.0446472167969,371.0446472167969
fresh_1324,26,26,3042,True,0.0,369.05364990234375,369.05364990234375
fresh_1325,203,203,2855,True,0.0,377.30023193359375,377.30023193359375
fresh_1326,584,584,2472,True,0.0,493.2333984375,493.2333984375
fresh_1327,53,53,3015,True,0.0,299.9310302734375,299.9310302734375
fresh_1328,78,78,2994,True,0.0,295.9827880859375,295.9827880859375
fresh_1329,1556,1461,1524,False,1.52105712890625,337.3124694824219,338.4830322265625
fresh_1330,15,15,3057,True,0.0,384.3714904785156,384.3714904785156
fresh_1331,249,249,2815,True,0.0,259.2635498046875,259.2635498046875
fresh_1332,624,624,2448,True,0.0,480.5194091796875,480.5194091796875
fresh_1333,76,76,2992,True,0.0,344.43011474609375,344.43011474609375
fresh_1334,868,868,2180,True,0.0,571.6242065429688,571.6242065429688
fresh_1335,641,641,2401,True,0.0,563.7163696289062,563.7163696289062
fresh_1336,31,31,3047,True,0.0,310.09613037109375,310.09613037109375
fresh_1337,33,33,3033,True,0.0,321.0505676269531,321.0505676269531
fresh_1338,27,27,3043,True,0.0,306.117431640625,306.117431640625
fresh_1339,178,178,2908,True,0.0,368.01580810546875,368.01580810546875
fresh_1340,95,95,2985,True,0.0,415.6322021484375,415.6322021484375
fresh_1341,107,107,2969,True,0.0,282.5556640625,282.5556640625
fresh_1342,14,14,3056,True,0.0,376.7108459472656,376.7108459472656
fresh_1343,72,72,2988,True,0.0,270.7708435058594,270.7708435058594
fresh_1344,1230,1230,1838,True,0.0,474.8310546875,474.8310546875
fresh_1345,1353,1353,1705,True,0.0,376.3956298828125,376.3956298828125
fresh_1346,93,93,2983,True,0.0,394.0534973144531,394.0534973144531
fresh_1347,47,47,3029,True,0.0,479.9124450683594,479.9124450683594
fresh_1348,1207,1207,1879,True,0.0,467.9555358886719,467.9555358886719
fresh_1349,19,19,3049,True,0.0,390.98236083984375,390.98236083984375
fresh_1350,1102,1102,1966,True,0.0,482.433837890625,482.433837890625
fresh_1351,780,780,2284,True,0.115509033203125,387.583251953125,387.583251953125
fresh_1352,2292,788,788,True,0.22198486328125,374.3785705566406,374.6005554199219
fresh_1353,38,38,3038,True,0.0,299.20391845703125,299.20391845703125
fresh_1354,1417,1417,1641,True,0.0,417.85546875,417.85546875
fresh_1355,86,86,2976,True,0.0,317.12335205078125,317.12335205078125
fresh_1356,630,630,2454,True,0.0,384.89453125,384.89453125
fresh_1357,36,36,3036,True,0.0,371.4776306152344,371.4776306152344
fresh_1358,35,35,3035,True,0.0,293.439697265625,293.439697265625
fresh_1359,69,69,3009,True,0.0,328.7175598144531,328.7175598144531
fresh_1360,38,38,3038,True,0.0,358.5545349121094,358.5545349121094
fresh_1361,264,264,2784,True,0.0,355.08489990234375,355.08489990234375
fresh_1362,681,681,2377,True,0.0,388.0810546875,388.0810546875
fresh_1363,95,95,2985,True,0.0,408.5142517089844,408.5142517089844
fresh_1364,73,73,2989,True,0.0,346.9132385253906,346.9132385253906
fresh_1365,101,101,2963,True,0.0,471.4906311035156,471.4906311035156
fresh_1366,687,687,2383,True,0.0,396.3892517089844,396.3892517089844
fresh_1367,214,214,2866,True,0.0,400.8455505371094,400.8455505371094
fresh_1368,750,750,2318,True,0.0,300.2325134277344,300.2325134277344
fresh_1369,151,151,2917,True,0.0,498.2698059082031,498.2698059082031
fresh_1370,160,160,2926,True,0.0,404.92706298828125,404.92706298828125
fresh_1371,152,152,2918,True,0.0,289.9211120605469,289.9211120605469
fresh_1372,89,89,2979,True,0.0,363.79498291015625,363.79498291015625
fresh_1373,1503,1503,1599,True,0.0,365.1824951171875,365.1824951171875
fresh_1374,39,39,3039,True,0.0,349.9754638671875,349.9754638671875
fresh_1375,376,376,2692,True,0.0,267.1997985839844,267.1997985839844
fresh_1376,19,19,3049,True,0.0,444.16400146484375,444.16400146484375
fresh_1377,190,190,2882,True,0.0,492.9086608886719,492.9086608886719
fresh_1378,13,13,3055,True,0.0,514.4171752929688,514.4171752929688
fresh_1379,859,859,2235,True,0.0,366.95343017578125,366.95343017578125
fresh_1380,983,983,2103,True,0.0,343.1306457519531,343.1306457519531
fresh_1381,691,691,2387,True,0.0,351.532470703125,351.532470703125
fresh_1382,33,33,3033,True,0.0,334.3370666503906,334.3370666503906
fresh_1383,1168,1168,1904,True,0.0,341.2489318847656,341.2489318847656
fresh_1384,1521,1521,1553,True,0.752655029296875,407.4350280761719,407.4350280761719
fresh_1385,142,142,2942,True,0.0,311.87554931640625,311.87554931640625
fresh_1386,110,110,2972,True,0.0,318.4991760253906,318.4991760253906
fresh_1387,47,47,3029,True,0.0,398.0794372558594,398.0794372558594
fresh_1388,827,827,2267,True,0.0,316.0543212890625,316.0543212890625
fresh_1389,100,100,2962,True,0.0,348.1782531738281,348.1782531738281
fresh_1390,106,106,2968,True,0.0,318.34979248046875,318.34979248046875
fresh_1391,129,129,2929,True,0.0,514.20166015625,514.20166015625
fresh_1392,154,154,2920,True,0.0,281.0213623046875,281.0213623046875
fresh_1393,489,489,2569,True,0.0,373.5555725097656,373.5555725097656
fresh_1394,836,836,2212,True,0.0,587.340087890625,587.340087890625
fresh_1395,162,162,2892,True,0.0,368.51470947265625,368.51470947265625
fresh_1396,465,465,2607,True,0.0,305.3691101074219,305.3691101074219
fresh_1397,984,984,2104,True,0.0,362.6697692871094,362.6697692871094
fresh_1398,96,96,2986,True,0.0,349.3752136230469,349.3752136230469
fresh_1399,70,70,3010,True,0.0,295.60101318359375,295.60101318359375
fresh_1400,10,10,3062,True,0.0,207.0859832763672,207.0859832763672
fresh_1401,52,52,3014,True,0.0,411.5690612792969,411.5690612792969
fresh_1402,18,18,3048,True,0.0,295.0291748046875,295.0291748046875
fresh_1403,24,24,3040,True,0.0,349.1948547363281,349.1948547363281
fresh_1404,172,172,2902,True,0.0,411.58331298828125,411.58331298828125
fresh_1405,78,78,2994,True,0.0,331.65240478515625,331.65240478515625
fresh_1406,52,52,3014,True,0.0,283.922607421875,283.922607421875
fresh_1407,1337,1337,1753,True,0.0,368.03753662109375,368.03753662109375
fresh_1408,586,586,2474,True,0.0,437.4532470703125,437.4532470703125
fresh_1409,36,36,3036,True,0.0,213.8985595703125,213.8985595703125
fresh_1410,215,215,2867,True,0.0,434.0196533203125,434.0196533203125
fresh_1411,72,72,2988,True,0.0,257.6380615234375,257.6380615234375
fresh_1412,5,5,3065,True,0.0,303.6640930175781,303.6640930175781
fresh_1413,1183,1183,1919,True,0.0,415.1129150390625,415.1129150390625
fresh_1414,82,82,2998,True,0.0,395.9648742675781,395.9648742675781
fresh_1415,4,4,3064,True,0.0,293.60137939453125,293.60137939453125
fresh_1416,303,303,2775,True,0.0,338.21685791015625,338.21685791015625
fresh_1417,1265,1265,1809,True,0.0,431.5673522949219,431.5673522949219
fresh_1418,501,501,2581,True,0.0,321.9264221191406,321.9264221191406
fresh_1419,169,169,2899,True,0.0,296.87237548828125,296.87237548828125
fresh_1420,1266,1266,1810,True,0.0,332.9177551269531,332.9177551269531
fresh_1421,165,165,2895,True,0.0,282.80609130859375,282.80609130859375
fresh_1422,330,330,2752,True,0.0,312.5411682128906,312.5411682128906
fresh_1423,188,188,2880,True,0.0,437.8112487792969,437.8112487792969
fresh_1424,909,909,2157,True,0.0,413.9442138671875,413.9442138671875
fresh_1425,1129,1129,1929,True,0.0,376.039794921875,376.039794921875
fresh_1426,909,909,2157,True,0.0,418.4496154785156,418.4496154785156
fresh_1427,1318,1318,1734,True,0.0,394.13922119140625,394.13922119140625
fresh_1428,55,55,3017,True,0.0,460.6907043457031,460.6907043457031
fresh_1429,245,245,2811,True,0.0,289.39739990234375,289.39739990234375
fresh_1430,84,84,2974,True,0.0,321.81658935546875,321.81658935546875
fresh_1431,528,528,2544,True,0.0,385.8088073730469,385.8088073730469
fresh_1432,1444,1444,1604,True,0.0,289.23883056640625,289.23883056640625
fresh_1433,311,311,2783,True,0.0,374.29132080078125,374.29132080078125
fresh_1434,67,67,3007,True,0.0,383.6856994628906,383.6856994628906
fresh_1435,174,174,2904,True,0.0,396.74560546875,396.74560546875
fresh_1436,153,153,2919,True,0.0,259.6880187988281,259.6880187988281
fresh_1437,345,345,2715,True,0.0,286.3434753417969,286.3434753417969
fresh_1438,1009,1009,2065,True,0.568084716796875,475.2965393066406,475.2965393066406
fresh_1439,1265,1265,1809,True,0.0,340.2776184082031,340.2776184082031
fresh_1440,356,356,2726,True,0.0,271.7522277832031,271.7522277832031
fresh_1441,2315,747,747,True,0.12066650390625,288.4442138671875,288.56488037109375
fresh_1442,20,20,3050,True,0.0,313.75872802734375,313.75872802734375
fresh_1443,167,167,2897,True,0.0,205.63339233398438,205.63339233398438
fresh_1444,6,6,3066,True,0.0,409.4682922363281,409.4682922363281
fresh_1445,33,33,3033,True,0.0,426.456298828125,426.456298828125
fresh_1446,703,703,2399,True,0.0,349.6544494628906,349.6544494628906
fresh_1447,38,38,3038,True,0.0,404.08746337890625,404.08746337890625
fresh_1448,170,170,2900,True,0.0,280.36090087890625,280.36090087890625
fresh_1449,2384,688,688,True,2.17724609375,579.6839599609375,581.8612060546875
fresh_1450,38,38,3038,True,0.0,465.3371887207031,465.3371887207031
fresh_1451,32,32,3032,True,0.0,369.3738708496094,369.3738708496094
fresh_1452,412,412,2672,True,0.0,365.546142578125,365.546142578125
fresh_1453,277,277,2797,True,0.0,272.2750244140625,272.2750244140625
fresh_1454,921,921,2169,True,0.0,236.31993103027344,236.31993103027344
fresh_1455,1337,1337,1753,True,0.0,274.77581787109375,274.77581787109375
fresh_1456,83,83,2999,True,0.0,273.8163757324219,273.8163757324219
fresh_1457,522,522,2538,True,0.0,369.1473083496094,369.1473083496094
fresh_1458,882,882,2194,True,0.0,568.6285400390625,568.6285400390625
fresh_1459,1228,1228,1836,True,0.0,436.20843505859375,436.20843505859375
fresh_1460,51,51,3013,True,0.0,424.6142578125,424.6142578125
fresh_1461,217,217,2869,True,0.0,319.4256896972656,319.4256896972656
fresh_1462,619,619,2443,True,0.0,285.7002258300781,285.7002258300781
fresh_1463,104,104,2966,True,0.0,275.68096923828125,275.68096923828125
fresh_1464,1324,1324,1740,True,0.0,363.184814453125,363.184814453125
fresh_1465,410,410,2670,True,0.0,321.6844177246094,321.6844177246094
fresh_1466,15,15,3057,True,0.0,312.0611877441406,312.0611877441406
fresh_1467,135,135,2935,True,0.0,486.2627868652344,486.2627868652344
fresh_1468,81,81,2997,True,0.0,281.0115966796875,281.0115966796875
fresh_1469,918,918,2166,True,0.0,344.2720031738281,344.2720031738281
fresh_1470,198,198,2890,True,0.0,498.37701416015625,498.37701416015625
fresh_1471,37,37,3037,True,0.0,280.61761474609375,280.61761474609375
fresh_1472,166,166,2896,True,0.0,414.1126708984375,414.1126708984375
fresh_1473,35,35,3035,True,0.0,216.61636352539062,216.61636352539062
fresh_1474,562,562,2514,True,0.0,282.1026611328125,282.1026611328125
fresh_1475,14,14,3056,True,0.0,343.61236572265625,343.61236572265625
fresh_1476,16,16,3058,True,0.0,411.35479736328125,411.35479736328125
fresh_1477,897,897,2145,True,0.0,411.20135498046875,411.20135498046875
fresh_1478,1313,1313,1729,True,0.0,293.9215087890625,293.9215087890625
fresh_1479,693,693,2389,True,0.0,336.9375305175781,336.9375305175781
fresh_1480,2112,928,928,True,0.77252197265625,465.3140563964844,466.0865783691406
fresh_1481,1078,1078,2006,True,0.0,323.51165771484375,323.51165771484375
fresh_1482,1510,1510,1542,True,0.879974365234375,297.02392578125,297.02392578125
fresh_1483,1179,1179,1915,True,0.0,482.2610168457031,482.2610168457031
fresh_1484,766,766,2334,True,0.0,359.2947998046875,359.2947998046875
fresh_1485,1456,1456,1616,True,0.0005340576171875,250.37527465820312,250.37527465820312
fresh_1486,234,234,2844,True,0.0,325.2056884765625,325.2056884765625
fresh_1487,58,58,3020,True,0.0,370.4168395996094,370.4168395996094
fresh_1488,1432,1432,1656,True,0.0,297.9418640136719,297.9418640136719
fresh_1489,19,19,3049,True,0.0,380.81268310546875,380.81268310546875
fresh_1490,348,348,2718,True,0.0,429.3175354003906,429.3175354003906
fresh_1491,356,356,2726,True,0.0,502.9833984375,502.9833984375
fresh_1492,657,657,2417,True,0.0,426.55718994140625,426.55718994140625
fresh_1493,26,26,3042,True,0.0,316.9384765625,316.9384765625
fresh_1494,15,15,3057,True,0.0,464.7574462890625,464.7574462890625
fresh_1495,9,9,3061,True,0.0,394.6907043457031,394.6907043457031
fresh_1496,2328,760,760,True,0.23309326171875,328.3418884277344,328.5749816894531
fresh_1497,241,241,2851,True,0.0,318.2886047363281,318.2886047363281
fresh_1498,49,49,3031,True,0.0,290.85748291015625,290.85748291015625
fresh_1499,610,610,2434,True,0.0,223.10263061523438,223.10263061523438
fresh_1500,7,7,3067,True,0.0,473.0,473.0
fresh_1501,564,564,2516,True,0.0,469.1065368652344,469.1065368652344
fresh_1502,1260,1260,1804,True,0.0,302.05615234375,302.05615234375
fresh_1503,806,806,2246,True,0.0,399.6576232910156,399.6576232910156
fresh_1504,63,63,3003,True,0.0,266.7572326660156,266.7572326660156
fresh_1505,403,403,2663,True,0.0,316.1622619628906,316.1622619628906
fresh_1506,754,754,2322,True,0.001739501953125,304.0496826171875,304.0496826171875
fresh_1507,802,802,2242,True,0.0,299.6123046875,299.6123046875
fresh_1508,1460,1460,1620,True,0.0,294.7991027832031,294.7991027832031
fresh_1509,239,239,2849,True,0.0,285.7470397949219,285.7470397949219
fresh_1510,679,679,2375,True,0.0,440.75518798828125,440.75518798828125
fresh_1511,56,56,3018,True,0.0,310.63421630859375,310.63421630859375
fresh_1512,72,72,2988,True,0.0,325.8643798828125,325.8643798828125
fresh_1513,132,132,2932,True,0.0,265.3307189941406,265.3307189941406
fresh_1514,155,155,2921,True,0.0,266.5047912597656,266.5047912597656
fresh_1515,50,50,3012,True,0.0,338.96417236328125,338.96417236328125
fresh_1516,663,663,2423,True,0.0,395.87738037109375,395.87738037109375
fresh_1517,778,778,2282,True,0.34979248046875,498.3511962890625,498.3511962890625
fresh_1518,45,45,3027,True,0.0,249.78366088867188,249.78366088867188
fresh_1519,2273,769,769,True,0.318450927734375,425.6282653808594,425.94671630859375
fresh_1520,248,248,2814,True,0.0,270.8302917480469,270.8302917480469
fresh_1521,38,38,3038,True,0.0,370.9617919921875,370.9617919921875
fresh_1522,101,101,2963,True,0.0,404.7630615234375,404.7630615234375
fresh_1523,1541,1509,1509,True,0.5103759765625,287.7829284667969,288.2933044433594
fresh_1524,74,74,2990,True,0.0,280.88250732421875,280.88250732421875
fresh_1525,1206,1206,1878,True,0.0,317.4142150878906,317.4142150878906
fresh_1526,5,5,3065,True,0.0,289.4793395996094,289.4793395996094
fresh_1527,92,92,2982,True,0.0,486.228271484375,486.228271484375
fresh_1528,100,100,2962,True,0.0,312.5501708984375,312.5501708984375
fresh_1529,134,134,2934,True,0.0,292.40435791015625,292.40435791015625
fresh_1530,2279,775,775,True,0.655731201171875,288.1980895996094,288.85382080078125
fresh_1531,132,132,2932,True,0.0,319.1199645996094,319.1199645996094
fresh_1532,403,403,2663,True,0.0,291.50177001953125,291.50177001953125
fresh_1533,1057,1057,1985,True,0.0,322.9906311035156,322.9906311035156
fresh_1534,21,21,3051,True,0.0,319.90966796875,319.90966796875
fresh_1535,864,864,2176,True,0.0,472.59124755859375,472.59124755859375
fresh_1536,559,559,2511,True,0.0,509.9744873046875,509.9744873046875
fresh_1537,134,134,2934,True,0.0,364.26519775390625,364.26519775390625
fresh_1538,0,0,3070,True,0.0,331.5389709472656,331.5389709472656
fresh_1539,96,96,2986,True,0.0,353.4908447265625,353.4908447265625
fresh_1540,1376,1376,1664,True,0.0,292.5011901855469,292.5011901855469
fresh_1541,804,804,2244,True,0.0,368.4118957519531,368.4118957519531
fresh_1542,2056,1000,1000,True,0.03607177734375,329.5465087890625,329.58258056640625
fresh_1543,647,647,2407,True,0.0,239.60826110839844,239.60826110839844
fresh_1544,33,33,3033,True,0.0,305.54388427734375,305.54388427734375
fresh_1545,71,71,3011,True,0.0,248.53787231445312,248.53787231445312
fresh_1546,740,740,2308,True,0.182373046875,308.7818908691406,308.7818908691406
fresh_1547,936,936,2120,True,0.0,336.10955810546875,336.10955810546875
fresh_1548,1537,1505,1505,True,0.158538818359375,352.5570983886719,352.71563720703125
fresh_1549,1136,1136,1936,True,0.0,278.75128173828125,278.75128173828125
fresh_1550,1385,1385,1673,True,0.0,400.3475646972656,400.3475646972656
fresh_1551,1214,1214,1886,True,0.0,259.9552917480469,259.9552917480469
fresh_1552,481,481,2561,True,0.0,333.713134765625,333.713134765625
fresh_1553,233,233,2843,True,0.0,437.4187927246094,437.4187927246094
fresh_1554,17,17,3059,True,0.0,305.4600524902344,305.4600524902344
fresh_1555,1377,1377,1665,True,0.0,475.9720153808594,475.9720153808594
fresh_1556,2072,1016,1016,True,0.193450927734375,273.4908142089844,273.68426513671875
fresh_1557,1101,1101,1965,True,0.0,302.254638671875,302.254638671875
fresh_1558,4,4,3064,True,0.0,335.5795593261719,335.5795593261719
fresh_1559,1275,1275,1819,True,0.0,261.217529296875,261.217529296875
fresh_1560,651,651,2411,True,0.0,340.9682312011719,340.9682312011719
fresh_1561,834,834,2210,True,0.0,639.776123046875,639.776123046875
fresh_1562,392,392,2652,True,0.0,316.7129821777344,316.7129821777344
fresh_1563,1246,1246,1854,True,0.0,376.3302307128906,376.3302307128906
fresh_1564,193,193,2885,True,0.0,449.7474060058594,449.7474060058594
fresh_1565,1294,1294,1774,True,0.0,604.4473876953125,604.4473876953125
fresh_1566,165,165,2895,True,0.0,327.2069091796875,327.2069091796875
fresh_1567,1172,1172,1908,True,0.0,420.9830322265625,420.9830322265625
fresh_1568,1040,1040,2032,True,0.0,358.89691162109375,358.89691162109375
fresh_1569,796,796,2300,True,0.388092041015625,483.407470703125,483.407470703125
fresh_1570,217,217,2869,True,0.0,425.0504455566406,425.0504455566406
fresh_1571,13,13,3055,True,0.0,358.72332763671875,358.72332763671875
fresh_1572,1330,1330,1746,True,0.0,430.8240051269531,430.8240051269531
fresh_1573,429,429,2631,True,0.0,496.2125549316406,496.2125549316406
fresh_1574,47,47,3029,True,0.0,424.7569580078125,424.7569580078125
fresh_1575,649,649,2409,True,0.0,351.0180969238281,351.0180969238281
fresh_1576,1298,1298,1778,True,0.0,466.7122497558594,466.7122497558594
fresh_1577,46,46,3028,True,0.0,375.6253967285156,375.6253967285156
fresh_1578,550,550,2502,True,0.0,296.9088439941406,296.9088439941406
fresh_1579,45,45,3027,True,0.0,298.2608642578125,298.2608642578125
fresh_1580,348,348,2718,True,0.0,320.9588317871094,320.9588317871094
fresh_1581,1061,1061,1989,True,0.0,427.658447265625,427.658447265625
fresh_1582,188,188,2880,True,0.0,306.4082336425781,306.4082336425781
fresh_1583,700,700,2396,True,0.0,249.20193481445312,249.20193481445312
fresh_1584,1380,1380,1668,True,0.0,326.7341613769531,326.7341613769531
fresh_1585,143,143,2943,True,0.0,407.8133544921875,407.8133544921875
fresh_1586,90,90,2980,True,0.0,319.5357666015625,319.5357666015625
fresh_1587,128,128,2928,True,0.0,458.4566955566406,458.4566955566406
fresh_1588,1199,1199,1871,True,0.0,341.4557800292969,341.4557800292969
fresh_1589,14,14,3056,True,0.0,258.6842956542969,258.6842956542969
fresh_1590,90,90,2980,True,0.0,355.6941223144531,355.6941223144531
fresh_1591,1377,1377,1665,True,0.0,299.3899841308594,299.3899841308594
fresh_1592,1512,1512,1544,True,1.537322998046875,343.1036682128906,343.1036682128906
fresh_1593,37,37,3037,True,0.0,224.9976043701172,224.9976043701172
fresh_1594,1412,1412,1636,True,0.0,355.03814697265625,355.03814697265625
fresh_1595,384,384,2700,True,0.0,348.59912109375,348.59912109375
fresh_1596,11,11,3063,True,0.0,323.50689697265625,323.50689697265625
fresh_1597,408,408,2668,True,0.0,576.8489379882812,576.8489379882812
fresh_1598,648,648,2408,True,0.0,460.2957763671875,460.2957763671875
fresh_1599,1345,1345,1697,True,0.0,315.6510009765625,315.6510009765625
fresh_1600,91,91,2981,True,0.0,379.85150146484375,379.85150146484375
fresh_1601,63,63,3003,True,0.0,412.6476135253906,412.6476135253906
fresh_1602,1511,1511,1543,True,0.72418212890625,380.29473876953125,380.29473876953125
fresh_1603,86,86,2976,True,0.0,357.0810241699219,357.0810241699219
fresh_1604,117,117,2949,True,0.0,438.7283020019531,438.7283020019531
fresh_1605,9,9,3061,True,0.0,400.6461181640625,400.6461181640625
fresh_1606,100,100,2962,True,0.0,395.0193176269531,395.0193176269531
fresh_1607,187,187,2879,True,0.0,274.4173889160156,274.4173889160156
fresh_1608,807,807,2247,True,0.0,263.3508605957031,263.3508605957031
fresh_1609,136,136,2936,True,0.0,294.02191162109375,294.02191162109375
fresh_1610,1167,1167,1903,True,0.0,381.1540832519531,381.1540832519531
fresh_1611,1120,1120,1920,True,0.0,273.8200988769531,273.8200988769531
fresh_1612,2272,768,768,True,1.540130615234375,418.1794738769531,419.7196044921875
fresh_1613,1243,1243,1851,True,0.0,326.86334228515625,326.86334228515625
fresh_1614,1450,1450,1610,True,0.0,288.3310852050781,288.3310852050781
fresh_1615,104,104,2966,True,0.0,382.4302673339844,382.4302673339844
fresh_1616,1494,1494,1590,True,0.0,369.23358154296875,369.23358154296875
fresh_1617,1059,1059,1987,True,0.0,331.1710205078125,331.1710205078125
fresh_1618,5,5,3065,True,0.0,336.7390441894531,336.7390441894531
fresh_1619,614,614,2438,True,0.0,353.7937316894531,353.7937316894531
fresh_1620,14,14,3056,True,0.0,337.0653991699219,337.0653991699219
fresh_1621,1166,1166,1902,True,0.0,524.8955078125,524.8955078125
fresh_1622,1176,1176,1912,True,0.0,332.71490478515625,332.71490478515625
fresh_1623,442,442,2644,True,0.0,382.03424072265625,382.03424072265625
fresh_1624,828,828,2268,True,0.0,395.9272155761719,395.9272155761719
fresh_1625,270,270,2790,True,0.0,256.8601379394531,256.8601379394531
fresh_1626,358,358,2728,True,0.0,331.00531005859375,331.00531005859375
fresh_1627,1160,1160,1896,True,0.0,307.3345642089844,307.3345642089844
fresh_1628,397,397,2657,True,0.0,300.0686340332031,300.0686340332031
fresh_1629,364,364,2680,True,0.0,300.7428894042969,300.7428894042969
fresh_1630,411,411,2671,True,0.0,288.5574951171875,288.5574951171875
fresh_1631,285,285,2805,True,0.0,327.62823486328125,327.62823486328125
fresh_1632,541,541,2557,True,0.0,309.3034973144531,309.3034973144531
fresh_1633,1107,1107,1971,True,0.0,337.7825622558594,337.7825622558594
fresh_1634,43,43,3025,True,0.0,288.6529846191406,288.6529846191406
fresh_1635,165,165,2895,True,0.0,348.6487121582031,348.6487121582031
fresh_1636,1034,1034,2026,True,0.03277587890625,378.5608215332031,378.5608215332031
fresh_1637,71,71,3011,True,0.0,383.81494140625,383.81494140625
fresh_1638,1131,1131,1931,True,0.0,364.1608581542969,364.1608581542969
fresh_1639,70,70,3010,True,0.0,251.82305908203125,251.82305908203125
fresh_1640,272,272,2792,True,0.0,345.9600830078125,345.9600830078125
fresh_1641,1320,1320,1736,True,0.0,493.2766418457031,493.2766418457031
fresh_1642,19,19,3049,True,0.0,385.35955810546875,385.35955810546875
fresh_1643,354,354,2724,True,0.0,267.34991455078125,267.34991455078125
fresh_1644,49,49,3031,True,0.0,271.1421203613281,271.1421203613281
fresh_1645,1074,1074,2002,True,0.0,322.2018737792969,322.2018737792969
fresh_1646,530,530,2546,True,0.0,320.76690673828125,320.76690673828125
fresh_1647,134,134,2934,True,0.0,326.62353515625,326.62353515625
fresh_1648,629,629,2453,True,0.0,458.797607421875,458.797607421875
fresh_1649,32,32,3032,True,0.0,341.49945068359375,341.49945068359375
fresh_1650,13,13,3055,True,0.0,395.8780517578125,395.8780517578125
fresh_1651,1503,1503,1599,True,0.0,345.71856689453125,345.71856689453125
fresh_1652,1033,1033,2025,True,0.0,436.0082702636719,436.0082702636719
fresh_1653,5,5,3065,True,0.0,390.4159240722656,390.4159240722656
fresh_1654,27,27,3043,True,0.0,325.0977478027344,325.0977478027344
fresh_1655,2331,763,763,True,0.288787841796875,282.2974548339844,282.58624267578125
fresh_1656,1553,1521,1521,True,1.005859375,393.5991516113281,394.6050109863281
fresh_1657,676,676,2372,True,0.0,372.1556091308594,372.1556091308594
fresh_1658,959,959,2143,True,0.0,375.4534606933594,375.4534606933594
fresh_1659,54,54,3016,True,0.0,395.8136291503906,395.8136291503906
fresh_1660,349,349,2719,True,0.0,413.4422302246094,413.4422302246094
fresh_1661,499,499,2579,True,0.0,356.0058288574219,356.0058288574219
fresh_1662,1448,1448,1608,True,0.0,496.0475769042969,496.0475769042969
fresh_1663,26,26,3042,True,0.0,342.6868896484375,342.6868896484375
fresh_1664,1440,1440,1600,True,0.0,428.4442443847656,428.4442443847656
fresh_1665,25,25,3041,True,0.0,354.1029968261719,354.1029968261719
fresh_1666,80,80,2996,True,0.0,407.56072998046875,407.56072998046875
fresh_1667,1392,1392,1680,True,0.0,424.2189636230469,424.2189636230469
fresh_1668,1561,1529,1529,True,4.222686767578125,393.7633361816406,397.98602294921875
fresh_1669,141,141,2941,True,0.0,334.60748291015625,334.60748291015625
fresh_1670,1056,1056,1984,True,0.08319091796875,368.6474609375,368.6474609375
fresh_1671,1444,1444,1604,True,0.0,348.393798828125,348.393798828125
fresh_1672,55,55,3017,True,0.0,261.33294677734375,261.33294677734375
fresh_1673,1336,1336,1752,True,0.0,429.8883056640625,429.8883056640625
fresh_1674,1140,1140,1940,True,0.0,282.4977722167969,282.4977722167969
fresh_1675,55,55,3017,True,0.0,333.7623596191406,333.7623596191406
fresh_1676,72,72,2988,True,0.0,406.4814147949219,406.4814147949219
fresh_1677,248,248,2814,True,0.0,297.6850891113281,297.6850891113281
fresh_1678,1354,1354,1706,True,0.0,403.970703125,403.970703125
fresh_1679,30,30,3046,True,0.0,354.6125183105469,354.6125183105469
fresh_1680,521,521,2537,True,0.0,434.5460205078125,434.5460205078125
fresh_1681,760,760,2328,True,0.083251953125,537.4525756835938,537.4525756835938
fresh_1682,107,107,2969,True,0.0,456.80401611328125,456.80401611328125
fresh_1683,1236,1236,1844,True,0.0,351.3914794921875,351.3914794921875
fresh_1684,51,51,3013,True,0.0,302.2554016113281,302.2554016113281
fresh_1685,1325,1325,1741,True,0.0,322.9305725097656,322.9305725097656
fresh_1686,867,867,2179,True,0.0,410.55828857421875,410.55828857421875
fresh_1687,25,25,3041,True,0.0,453.7218933105469,453.7218933105469
fresh_1688,12,12,3054,True,0.0,292.4682312011719,292.4682312011719
fresh_1689,23,23,3053,True,0.0,308.6459045410156,308.6459045410156
fresh_1690,283,283,2803,True,0.0,294.9354553222656,294.9354553222656
fresh_1691,1244,1244,1852,True,0.0,339.1007995605469,339.1007995605469
fresh_1692,151,151,2917,True,0.0,267.760009765625,267.760009765625
fresh_1693,324,324,2746,True,0.0,311.8751525878906,311.8751525878906
fresh_1694,47,47,3029,True,0.0,380.94677734375,380.94677734375
fresh_1695,53,53,3015,True,0.0,275.6575012207031,275.6575012207031
fresh_1696,1149,1149,1949,True,0.0,299.555908203125,299.555908203125
fresh_1697,1039,1039,2031,True,0.0,279.6316223144531,279.6316223144531
fresh_1698,603,603,2491,True,0.0,330.1492004394531,330.1492004394531
fresh_1699,73,73,2989,True,0.0,441.2071838378906,441.2071838378906
fresh_1700,204,204,2856,True,0.0,324.51275634765625,324.51275634765625
fresh_1701,106,106,2968,True,0.0,316.1143798828125,316.1143798828125
fresh_1702,343,343,2713,True,0.0,441.244873046875,441.244873046875
fresh_1703,129,129,2929,True,0.0,366.0731506347656,366.0731506347656
fresh_1704,215,215,2867,True,0.0,316.50762939453125,316.50762939453125
fresh_1705,999,999,2055,True,0.045562744140625,348.37713623046875,348.37713623046875
fresh_1706,200,200,2852,True,0.0,444.268310546875,444.268310546875
fresh_1707,1130,1130,1930,True,0.0,320.0450744628906,320.0450744628906
fresh_1708,100,100,2962,True,0.0,319.80914306640625,319.80914306640625
fresh_1709,1496,1496,1592,True,0.0,366.36749267578125,366.36749267578125
fresh_1710,684,684,2380,True,0.0,455.0801086425781,455.0801086425781
fresh_1711,1112,1112,1976,True,0.0,471.7807922363281,471.7807922363281
fresh_1712,254,254,2820,True,0.0,329.72186279296875,329.72186279296875
fresh_1713,1420,1420,1644,True,0.0,412.65667724609375,412.65667724609375
fresh_1714,1485,1485,1581,True,0.0,460.52362060546875,460.52362060546875
fresh_1715,110,110,2972,True,0.0,371.6241149902344,371.6241149902344
fresh_1716,142,142,2942,True,0.0,395.9413757324219,395.9413757324219
fresh_1717,64,64,3004,True,0.0,285.5412292480469,285.5412292480469
fresh_1718,1494,1494,1590,True,0.0,277.40069580078125,277.40069580078125
fresh_1719,30,30,3046,True,0.0,371.97283935546875,371.97283935546875
fresh_1720,60,60,3000,True,0.0,411.52978515625,411.52978515625
fresh_1721,649,649,2409,True,0.0,332.369384765625,332.369384765625
fresh_1722,79,79,2995,True,0.0,411.549072265625,411.549072265625
fresh_1723,310,310,2782,True,0.0,452.4560852050781,452.4560852050781
fresh_1724,0,0,3070,True,0.0,382.2978515625,382.2978515625
fresh_1725,21,21,3051,True,0.0,257.20208740234375,257.20208740234375
fresh_1726,887,887,2199,True,0.0,315.71044921875,315.71044921875
fresh_1727,724,724,2356,True,0.0,469.7908630371094,469.7908630371094
fresh_1728,276,276,2796,True,0.0,536.0585327148438,536.0585327148438
fresh_1729,971,971,2091,True,0.0,396.7097473144531,396.7097473144531
fresh_1730,989,989,2109,True,0.0,328.2472229003906,328.2472229003906
fresh_1731,1744,1328,1328,True,0.042083740234375,291.011474609375,291.0535583496094
fresh_1732,403,403,2663,True,0.0,465.9423828125,465.9423828125
fresh_1733,19,19,3049,True,0.0,327.1577453613281,327.1577453613281
fresh_1734,53,53,3015,True,0.0,370.17218017578125,370.17218017578125
fresh_1735,280,280,2800,True,0.0,325.34332275390625,325.34332275390625
fresh_1736,42,42,3024,True,0.0,367.30181884765625,367.30181884765625
fresh_1737,74,74,2990,True,0.0,369.945556640625,369.945556640625
fresh_1738,79,79,2995,True,0.0,417.3771667480469,417.3771667480469
fresh_1739,1067,1067,1995,True,0.0,302.8905944824219,302.8905944824219
fresh_1740,648,648,2408,True,0.0,389.8567199707031,389.8567199707031
fresh_1741,14,14,3056,True,0.0,260.6557312011719,260.6557312011719
fresh_1742,47,47,3029,True,0.0,433.7801513671875,433.7801513671875
fresh_1743,130,130,2930,True,0.0,282.35076904296875,282.35076904296875
fresh_1744,19,19,3049,True,0.0,300.8401794433594,300.8401794433594
fresh_1745,8,8,3060,True,0.0,295.9898986816406,295.9898986816406
fresh_1746,77,77,2993,True,0.0,360.6317443847656,360.6317443847656
fresh_1747,981,981,2101,True,0.0,388.04150390625,388.04150390625
fresh_1748,20,20,3050,True,0.0,319.9974365234375,319.9974365234375
fresh_1749,109,109,2971,True,0.0,408.447265625,408.447265625
fresh_1750,128,128,2928,True,0.0,356.6183166503906,356.6183166503906
fresh_1751,74,74,2990,True,0.0,247.55810546875,247.55810546875
fresh_1752,253,253,2819,True,0.0,428.8783874511719,428.8783874511719
fresh_1753,346,346,2716,True,0.0,433.7422180175781,433.7422180175781
fresh_1754,1183,1183,1919,True,0.0,371.65887451171875,371.65887451171875
fresh_1755,623,623,2447,True,0.0,349.83367919921875,349.83367919921875
fresh_1756,83,83,2999,True,0.0,394.9598388671875,394.9598388671875
fresh_1757,1234,1234,1842,True,0.0,423.7659606933594,423.7659606933594
fresh_1758,122,122,2954,True,0.0,597.4576416015625,597.4576416015625
fresh_1759,689,689,2385,True,0.0,359.6490783691406,359.6490783691406
fresh_1760,350,350,2720,True,0.0,475.4791564941406,475.4791564941406
fresh_1761,1394,1394,1682,True,0.0,452.69219970703125,452.69219970703125
fresh_1762,364,364,2680,True,0.0,345.5299377441406,345.5299377441406
fresh_1763,1392,1392,1680,True,0.0,434.35308837890625,434.35308837890625
fresh_1764,78,78,2994,True,0.0,285.6258239746094,285.6258239746094
fresh_1765,1054,1054,2046,True,0.0,381.4041442871094,381.4041442871094
fresh_1766,109,109,2971,True,0.0,384.03265380859375,384.03265380859375
fresh_1767,50,50,3012,True,0.0,354.6459045410156,354.6459045410156
fresh_1768,63,63,3003,True,0.0,496.3302001953125,496.3302001953125
fresh_1769,235,235,2845,True,0.0,634.4588623046875,634.4588623046875
fresh_1770,228,228,2838,True,0.0,379.5467529296875,379.5467529296875
fresh_1771,20,20,3050,True,0.0,257.3207702636719,257.3207702636719
fresh_1772,73,73,2989,True,0.0,248.07025146484375,248.07025146484375
fresh_1773,1499,1499,1595,True,0.0,362.8229675292969,362.8229675292969
fresh_1774,650,650,2410,True,0.0,451.6925354003906,451.6925354003906
fresh_1775,12,12,3054,True,0.0,706.50537109375,706.50537109375
fresh_1776,849,849,2225,True,0.0,369.6028137207031,369.6028137207031
fresh_1777,63,63,3003,True,0.0,314.8441467285156,314.8441467285156
fresh_1778,127,127,2959,True,0.0,447.53369140625,447.53369140625
fresh_1779,1193,1193,1865,True,0.0,309.7850036621094,309.7850036621094
fresh_1780,233,233,2843,True,0.0,447.58648681640625,447.58648681640625
fresh_1781,12,12,3054,True,0.0,333.8517150878906,333.8517150878906
fresh_1782,27,27,3043,True,0.0,265.502197265625,265.502197265625
fresh_1783,229,229,2839,True,0.0,287.62408447265625,287.62408447265625
fresh_1784,1080,1080,2008,True,0.0,306.3663330078125,306.3663330078125
fresh_1785,1287,1287,1767,True,0.0,379.6944885253906,379.6944885253906
fresh_1786,1261,1261,1805,True,0.0,325.56402587890625,325.56402587890625
fresh_1787,1177,1177,1913,True,0.0,384.3804931640625,384.3804931640625
fresh_1788,73,73,2989,True,0.0,299.3555908203125,299.3555908203125
fresh_1789,1071,1071,1999,True,0.0,493.4381103515625,493.4381103515625
fresh_1790,100,100,2962,True,0.0,339.9047546386719,339.9047546386719
fresh_1791,1455,1455,1615,True,0.0,351.2426452636719,351.2426452636719
fresh_1792,1,1,3071,True,0.0,160.03521728515625,160.03521728515625
fresh_1793,39,39,3039,True,0.0,316.8802490234375,316.8802490234375
fresh_1794,19,19,3049,True,0.0,266.2433776855469,266.2433776855469
fresh_1795,134,134,2934,True,0.0,413.4096984863281,413.4096984863281
fresh_1796,527,527,2543,True,0.0,417.7031555175781,417.7031555175781
fresh_1797,75,75,2991,True,0.0,279.4103088378906,279.4103088378906
fresh_1798,108,108,2970,True,0.0,326.61328125,326.61328125
fresh_1799,383,383,2699,True,0.0,404.845703125,404.845703125
fresh_1800,97,97,2987,True,0.0,283.34527587890625,283.34527587890625
fresh_1801,55,55,3017,True,0.0,295.0426330566406,295.0426330566406
fresh_1802,1223,1223,1831,True,0.0,430.66192626953125,430.66192626953125
fresh_1803,50,50,3012,True,0.0,422.2189025878906,422.2189025878906
fresh_1804,62,62,3002,True,0.0,283.6819763183594,283.6819763183594
fresh_1805,857,857,2233,True,0.0,411.880859375,411.880859375
fresh_1806,813,813,2253,True,0.0,426.97186279296875,426.97186279296875
fresh_1807,319,319,2741,True,0.0,705.0194702148438,705.0194702148438
fresh_1808,57,57,3019,True,0.0,304.1755676269531,304.1755676269531
fresh_1809,1131,1131,1931,True,0.0,402.5549621582031,402.5549621582031
fresh_1810,12,12,3054,True,0.0,263.9075622558594,263.9075622558594
fresh_1811,1305,1305,1785,True,0.0,268.4764404296875,268.4764404296875
fresh_1812,56,56,3018,True,0.0,278.43133544921875,278.43133544921875
fresh_1813,526,526,2542,True,0.0,293.0435485839844,293.0435485839844
fresh_1814,584,584,2472,True,0.0,298.2533264160156,298.2533264160156
fresh_1815,82,82,2998,True,0.0,403.9285888671875,403.9285888671875
fresh_1816,277,277,2797,True,0.0,342.2118225097656,342.2118225097656
fresh_1817,1336,1336,1752,True,0.0,350.7710266113281,350.7710266113281
fresh_1818,455,455,2597,True,0.0,375.9449157714844,375.9449157714844
fresh_1819,479,479,2621,True,0.0,407.65130615234375,407.65130615234375
fresh_1820,922,922,2170,True,0.0,302.6836242675781,302.6836242675781
fresh_1821,687,687,2383,True,0.0,370.70745849609375,370.70745849609375
fresh_1822,20,20,3050,True,0.0,356.42138671875,356.42138671875
fresh_1823,433,433,2635,True,0.0,314.9151306152344,314.9151306152344
fresh_1824,628,628,2452,True,0.0,400.5254211425781,400.5254211425781
fresh_1825,38,38,3038,True,0.0,247.6639862060547,247.6639862060547
fresh_1826,1302,1302,1782,True,0.0,276.2613525390625,276.2613525390625
fresh_1827,1421,1421,1645,True,0.0,310.01031494140625,310.01031494140625
fresh_1828,116,116,2948,True,0.0,416.51654052734375,416.51654052734375
fresh_1829,98,98,2960,True,0.0,414.80877685546875,414.80877685546875
fresh_1830,1503,1503,1599,True,0.0,336.8955078125,336.8955078125
fresh_1831,17,17,3059,True,0.0,399.378173828125,399.378173828125
fresh_1832,417,417,2677,True,0.0,319.3682861328125,319.3682861328125
fresh_1833,78,78,2994,True,0.0,351.2943115234375,351.2943115234375
fresh_1834,2040,1048,1048,True,0.17864990234375,338.6050720214844,338.7837219238281
fresh_1835,519,519,2535,True,0.0,430.0806579589844,430.0806579589844
fresh_1836,174,174,2904,True,0.0,262.6830139160156,262.6830139160156
fresh_1837,1299,1299,1779,True,0.0,432.9293212890625,432.9293212890625
fresh_1838,2065,1009,1009,True,0.028167724609375,387.1585998535156,387.186767578125
fresh_1839,2312,744,744,True,0.025787353515625,365.7514343261719,365.7772216796875
fresh_1840,52,52,3014,True,0.0,308.8031921386719,308.8031921386719
fresh_1841,296,296,2768,True,0.0,344.8990478515625,344.8990478515625
fresh_1842,294,294,2766,True,0.0,296.85308837890625,296.85308837890625
fresh_1843,108,108,2970,True,0.0,422.68896484375,422.68896484375
fresh_1844,1428,1428,1652,True,0.0,355.78680419921875,355.78680419921875
fresh_1845,992,992,2048,True,0.0,427.5032043457031,427.5032043457031
fresh_1846,168,168,2898,True,0.0,264.2416076660156,264.2416076660156
fresh_1847,137,137,2937,True,0.0,324.17120361328125,324.17120361328125
fresh_1848,25,25,3041,True,0.0,432.031494140625,432.031494140625
fresh_1849,5,5,3065,True,0.0,355.2583923339844,355.2583923339844
fresh_1850,304,304,2776,True,0.0,348.8962707519531,348.8962707519531
fresh_1851,52,52,3014,True,0.0,417.97430419921875,417.97430419921875
fresh_1852,1164,1164,1900,True,0.0,389.6405334472656,389.6405334472656
fresh_1853,28,28,3044,True,0.0,403.77423095703125,403.77423095703125
fresh_1854,51,51,3013,True,0.0,563.2388305664062,563.2388305664062
fresh_1855,11,11,3063,True,0.0,292.5475769042969,292.5475769042969
fresh_1856,6,6,3066,True,0.0,465.7417297363281,465.7417297363281
fresh_1857,965,965,2085,True,0.0,486.1806640625,486.1806640625
fresh_1858,11,11,3063,True,0.0,319.032958984375,319.032958984375
fresh_1859,915,915,2163,True,0.0,348.5233154296875,348.5233154296875
fresh_1860,15,15,3057,True,0.0,289.9296569824219,289.9296569824219
fresh_1861,717,717,2349,True,0.0,386.27447509765625,386.27447509765625
fresh_1862,628,628,2452,True,0.0,263.7290954589844,263.7290954589844
fresh_1863,909,909,2157,True,0.0,377.392578125,377.392578125
fresh_1864,119,119,2951,True,0.0,467.24273681640625,467.24273681640625
fresh_1865,205,205,2857,True,0.0,203.74423217773438,203.74423217773438
fresh_1866,2283,779,779,True,0.32745361328125,390.1963195800781,390.5237731933594
fresh_1867,1082,1082,2010,True,0.0,324.448974609375,324.448974609375
fresh_1868,605,605,2493,True,0.0,268.8082580566406,268.8082580566406
fresh_1869,56,56,3018,True,0.0,380.8194274902344,380.8194274902344
fresh_1870,76,76,2992,True,0.0,335.87646484375,335.87646484375
fresh_1871,1053,1053,2045,True,0.0,268.1793212890625,268.1793212890625
fresh_1872,239,239,2849,True,0.0,391.3520812988281,391.3520812988281
fresh_1873,342,342,2712,True,0.0,514.1941528320312,514.1941528320312
fresh_1874,57,57,3019,True,0.0,283.2039489746094,283.2039489746094
fresh_1875,252,252,2818,True,0.0,332.3368835449219,332.3368835449219
fresh_1876,1059,1059,1987,True,0.0,328.5516052246094,328.5516052246094
fresh_1877,51,51,3013,True,0.0,380.61041259765625,380.61041259765625
fresh_1878,206,206,2858,True,0.0,301.1667175292969,301.1667175292969
fresh_1879,70,70,3010,True,0.0,236.8684539794922,236.8684539794922
fresh_1880,295,295,2767,True,0.0,422.2677001953125,422.2677001953125
fresh_1881,718,718,2350,True,0.0,267.49407958984375,267.49407958984375
fresh_1882,838,838,2214,True,0.0,451.0046691894531,451.0046691894531
fresh_1883,522,522,2538,True,0.0,409.60479736328125,409.60479736328125
fresh_1884,51,51,3013,True,0.0,229.05142211914062,229.05142211914062
fresh_1885,72,72,2988,True,0.0,488.16815185546875,488.16815185546875
fresh_1886,369,369,2685,True,0.0,330.0137939453125,330.0137939453125
fresh_1887,179,179,2909,True,0.0,486.3687744140625,486.3687744140625
fresh_1888,135,135,2935,True,0.0,438.2698059082031,438.2698059082031
fresh_1889,42,42,3024,True,0.0,519.31689453125,519.31689453125
fresh_1890,346,346,2716,True,0.0,417.6127014160156,417.6127014160156
fresh_1891,1218,1218,1826,True,0.0,392.8216857910156,392.8216857910156
fresh_1892,682,682,2378,True,0.0,340.1090087890625,340.1090087890625
fresh_1893,169,169,2899,True,0.0,379.0946350097656,379.0946350097656
fresh_1894,139,139,2939,True,0.0,332.6036376953125,332.6036376953125
fresh_1895,402,402,2662,True,0.0,338.84661865234375,338.84661865234375
fresh_1896,15,15,3057,True,0.0,299.80120849609375,299.80120849609375
fresh_1897,46,46,3028,True,0.0,437.69378662109375,437.69378662109375
fresh_1898,60,60,3000,True,0.0,268.5522155761719,268.5522155761719
fresh_1899,47,47,3029,True,0.0,398.3530578613281,398.3530578613281
fresh_1900,153,153,2919,True,0.0,429.7397155761719,429.7397155761719
fresh_1901,1301,1301,1781,True,0.0,460.3998107910156,460.3998107910156
fresh_1902,1243,1243,1851,True,0.0,273.4366149902344,273.4366149902344
fresh_1903,1555,1523,1523,True,1.028594970703125,340.957763671875,341.9863586425781
fresh_1904,392,392,2652,True,0.0,449.81683349609375,449.81683349609375
fresh_1905,68,68,3008,True,0.0,402.15240478515625,402.15240478515625
fresh_1906,2384,688,688,True,0.74285888671875,484.94091796875,485.68377685546875
fresh_1907,922,922,2170,True,0.0,399.67059326171875,399.67059326171875
fresh_1908,1191,1191,1863,True,0.0,379.0263977050781,379.0263977050781
fresh_1909,44,44,3026,True,0.0,324.523193359375,324.523193359375
fresh_1910,1230,1230,1838,True,0.0,393.5121765136719,393.5121765136719
fresh_1911,56,56,3018,True,0.0,289.37103271484375,289.37103271484375
fresh_1912,146,146,2912,True,0.0,392.8578186035156,392.8578186035156
fresh_1913,3,3,3069,True,0.0,311.00225830078125,311.00225830078125
fresh_1914,173,173,2903,True,0.0,419.30523681640625,419.30523681640625
fresh_1915,9,9,3061,True,0.0,478.8970947265625,478.8970947265625
fresh_1916,739,739,2307,True,0.013916015625,419.8891296386719,419.8891296386719
fresh_1917,140,140,2940,True,0.0,396.69891357421875,396.69891357421875
fresh_1918,198,198,2890,True,0.0,460.94476318359375,460.94476318359375
fresh_1919,6,6,3066,True,0.0,508.53314208984375,508.53314208984375
fresh_1920,474,474,2616,True,0.0,320.00537109375,320.00537109375
fresh_1921,496,496,2576,True,0.0,357.0764465332031,357.0764465332031
fresh_1922,1419,1419,1643,True,0.0,280.1499938964844,280.1499938964844
fresh_1923,27,27,3043,True,0.0,390.0412292480469,390.0412292480469
fresh_1924,1952,1088,1088,True,0.06793212890625,320.03082275390625,320.0987548828125
fresh_1925,1319,1319,1735,True,0.0,419.60882568359375,419.60882568359375
fresh_1926,842,842,2218,True,0.0,463.8515930175781,463.8515930175781
fresh_1927,1302,1302,1782,True,0.0,343.4124755859375,343.4124755859375
fresh_1928,1230,1230,1838,True,0.0,383.4199523925781,383.4199523925781
fresh_1929,1127,1127,1927,True,0.0,353.5289611816406,353.5289611816406
fresh_1930,26,26,3042,True,0.0,511.4054260253906,511.4054260253906
fresh_1931,302,302,2774,True,0.0,451.44207763671875,451.44207763671875
fresh_1932,522,522,2538,True,0.0,294.7027587890625,294.7027587890625
fresh_1933,1065,1065,1993,True,0.0,298.5732421875,298.5732421875
fresh_1934,179,179,2909,True,0.0,348.5484924316406,348.5484924316406
fresh_1935,130,130,2930,True,0.0,371.68975830078125,371.68975830078125
fresh_1936,250,250,2816,True,0.0,268.6391906738281,268.6391906738281
fresh_1937,693,693,2389,True,0.0,396.9597473144531,396.9597473144531
fresh_1938,578,578,2466,True,0.0,285.7597961425781,285.7597961425781
fresh_1939,155,155,2921,True,0.0,311.13861083984375,311.13861083984375
fresh_1940,340,340,2710,True,0.0,339.44610595703125,339.44610595703125
fresh_1941,110,110,2972,True,0.0,345.35797119140625,345.35797119140625
fresh_1942,32,32,3032,True,0.0,348.726806640625,348.726806640625
fresh_1943,110,110,2972,True,0.0,313.5533142089844,313.5533142089844
fresh_1944,168,168,2898,True,0.0,357.1734619140625,357.1734619140625
fresh_1945,1017,1017,2073,True,0.0,349.2489318847656,349.2489318847656
fresh_1946,259,259,2825,True,0.0,432.4048156738281,432.4048156738281
fresh_1947,554,554,2506,True,0.0,282.60345458984375,282.60345458984375
fresh_1948,458,458,2600,True,0.0,354.506591796875,354.506591796875
fresh_1949,1228,1228,1836,True,0.0,450.6432800292969,450.6432800292969
fresh_1950,5,5,3065,True,0.0,333.92193603515625,333.92193603515625
fresh_1951,124,124,2956,True,0.0,380.2529296875,380.2529296875
fresh_1952,2293,789,789,True,0.0694580078125,428.135986328125,428.2054443359375
fresh_1953,1093,1093,1957,True,0.0,307.8177185058594,307.8177185058594
fresh_1954,160,160,2926,True,0.0,274.6472473144531,274.6472473144531
fresh_1955,552,552,2504,True,0.0,768.2003173828125,768.2003173828125
fresh_1956,611,611,2435,True,0.0,437.79302978515625,437.79302978515625
fresh_1957,127,127,2959,True,0.0,288.1903381347656,288.1903381347656
fresh_1958,1135,1135,1935,True,0.0,412.1166076660156,412.1166076660156
fresh_1959,1035,1035,2027,True,0.60150146484375,384.8052978515625,384.8052978515625
fresh_1960,169,169,2899,True,0.0,285.1402587890625,285.1402587890625
fresh_1961,491,491,2571,True,0.0,363.4881896972656,363.4881896972656
fresh_1962,618,618,2442,True,0.0,386.6227722167969,386.6227722167969
fresh_1963,1449,1449,1609,True,0.0,428.0359802246094,428.0359802246094
fresh_1964,1101,1101,1965,True,0.0,353.771484375,353.771484375
fresh_1965,490,490,2570,True,0.0,273.58843994140625,273.58843994140625
fresh_1966,74,74,2990,True,0.0,320.17138671875,320.17138671875
fresh_1967,100,100,2962,True,0.0,392.61865234375,392.61865234375
fresh_1968,1616,1456,1456,True,0.373382568359375,369.94183349609375,370.3152160644531
fresh_1969,1248,1248,1792,True,0.0,354.4725646972656,354.4725646972656
fresh_1970,106,106,2968,True,0.0,285.9839782714844,285.9839782714844
fresh_1971,1268,1268,1812,True,0.0,324.5310974121094,324.5310974121094
fresh_1972,2052,996,996,True,0.090179443359375,244.68209838867188,244.77227783203125
fresh_1973,80,80,2996,True,0.0,304.702392578125,304.702392578125
fresh_1974,1097,1097,1961,True,0.0,315.572509765625,315.572509765625
fresh_1975,10,10,3062,True,0.0,339.18450927734375,339.18450927734375
fresh_1976,38,38,3038,True,0.0,363.3694763183594,363.3694763183594
fresh_1977,78,78,2994,True,0.0,418.0502014160156,418.0502014160156
fresh_1978,29,29,3045,True,0.0,355.3777770996094,355.3777770996094
fresh_1979,1050,1050,2042,True,0.0,308.6978759765625,308.6978759765625
fresh_1980,107,107,2969,True,0.0,348.1449279785156,348.1449279785156
fresh_1981,893,893,2205,True,0.0,259.1404724121094,259.1404724121094
fresh_1982,29,29,3045,True,0.0,232.7073211669922,232.7073211669922
fresh_1983,74,74,2990,True,0.0,453.54522705078125,453.54522705078125
fresh_1984,45,45,3027,True,0.0,327.03656005859375,327.03656005859375
fresh_1985,157,157,2923,True,0.0,337.0034484863281,337.0034484863281
fresh_1986,562,562,2514,True,0.0,339.23388671875,339.23388671875
fresh_1987,934,934,2118,True,0.0,485.2904357910156,485.2904357910156
fresh_1988,1205,1205,1877,True,0.0,443.05523681640625,443.05523681640625
fresh_1989,1449,1449,1609,True,0.0,400.1488952636719,400.1488952636719
fresh_1990,1218,1218,1826,True,0.0,425.7820129394531,425.7820129394531
fresh_1991,32,32,3032,True,0.0,278.9486083984375,278.9486083984375
fresh_1992,39,39,3039,True,0.0,533.3952026367188,533.3952026367188
fresh_1993,498,498,2578,True,0.0,362.9716491699219,362.9716491699219
fresh_1994,1438,1438,1662,True,0.0,627.8245849609375,627.8245849609375
fresh_1995,74,74,2990,True,0.0,264.866943359375,264.866943359375
fresh_1996,458,458,2600,True,0.0,318.0674133300781,318.0674133300781
fresh_1997,917,917,2165,True,0.0,405.443603515625,405.443603515625
fresh_1998,79,79,2995,True,0.0,309.3934326171875,309.3934326171875
fresh_1999,69,69,3009,True,0.0,279.987060546875,279.987060546875
